"x","y","pwprob"
"G_2","G_3",0.3825
"G_2","G_4",0.4735
"G_2","G_5",0.880125
"G_2","G_6",0.707125
"G_2","G_7",0.913
"G_2","G_8",0.77925
"G_2","G_9",0.888
"G_2","G_10",0.662125
"G_2","G_12",0.87725
"G_2","G_13",0.32275
"G_2","G_14",0.77925
"G_2","G_15",0.908125
"G_2","G_16",0.870625
"G_2","G_17",0.587875
"G_2","G_18",0.904375
"G_2","G_19",0.872
"G_2","G_20",0.436625
"G_2","G_21",0.6315
"G_2","G_22",0.921125
"G_2","G_23",0.918625
"G_2","G_24",0.913
"G_2","G_25",0.602375
"G_2","G_26",0.857
"G_2","G_27",0.8675
"G_2","G_28",0.61325
"G_2","G_29",0.776875
"G_2","G_30",0.830375
"G_2","G_31",0.74925
"G_2","G_32",0.21775
"G_2","G_34",0.66125
"G_2","G_35",0.826875
"G_2","G_36",0.59425
"G_2","G_37",0.898625
"G_2","G_38",0.395625
"G_2","G_39",0.8345
"G_2","G_40",0.46425
"G_2","G_41",0.719625
"G_2","G_42",0.1835
"G_2","G_43",0.5815
"G_2","G_44",0.472875
"G_2","G_45",0.3095
"G_2","G_46",0.506125
"G_2","G_47",0.69025
"G_2","G_48",0.902
"G_2","G_49",0.8
"G_2","G_50",0.2945
"G_2","G_51",0.7075
"G_2","G_52",0.739875
"G_2","G_54",0.85725
"G_2","G_56",0.879125
"G_2","G_57",0.911875
"G_2","G_59",0.887875
"G_2","G_60",0.882
"G_2","G_61",0.91125
"G_2","G_62",0.907625
"G_2","G_63",0.809875
"G_2","G_64",0.838625
"G_2","G_65",0.92375
"G_2","G_66",0.9235
"G_2","G_67",0.912125
"G_2","G_68",0.8125
"G_2","G_69",0.912375
"G_2","G_70",0.881375
"G_2","G_71",0.844
"G_2","G_72",0.8395
"G_2","G_73",0.66125
"G_2","G_74",0.890375
"G_2","G_75",0.893625
"G_2","G_77",0.88825
"G_2","G_78",0.83425
"G_2","G_82",0.909375
"G_2","G_83",0.887375
"G_2","G_84",0.85
"G_2","G_85",0.912625
"G_2","G_86",0.927
"G_2","G_87",0.919125
"G_2","G_88",0.9055
"G_2","G_89",0.742625
"G_2","G_90",0.870125
"G_2","G_91",0.83125
"G_2","G_92",0.93125
"G_2","G_93",0.2975
"G_2","G_97",0.904125
"G_2","G_98",0.869125
"G_3","G_4",0.6295
"G_3","G_5",0.881875
"G_3","G_6",0.7945
"G_3","G_7",0.898375
"G_3","G_8",0.82425
"G_3","G_9",0.882
"G_3","G_10",0.76275
"G_3","G_12",0.889
"G_3","G_13",0.416625
"G_3","G_14",0.870125
"G_3","G_15",0.893625
"G_3","G_16",0.887625
"G_3","G_17",0.697875
"G_3","G_18",0.891875
"G_3","G_19",0.88175
"G_3","G_20",0.5795
"G_3","G_21",0.768
"G_3","G_22",0.903625
"G_3","G_23",0.907625
"G_3","G_24",0.892
"G_3","G_25",0.7795
"G_3","G_26",0.874375
"G_3","G_27",0.874125
"G_3","G_28",0.750375
"G_3","G_29",0.8555
"G_3","G_30",0.86775
"G_3","G_31",0.821125
"G_3","G_32",0.292625
"G_3","G_34",0.763625
"G_3","G_35",0.8435
"G_3","G_36",0.716875
"G_3","G_37",0.90225
"G_3","G_38",0.492875
"G_3","G_39",0.8735
"G_3","G_40",0.615
"G_3","G_41",0.795375
"G_3","G_42",0.201875
"G_3","G_43",0.762875
"G_3","G_44",0.60625
"G_3","G_45",0.381125
"G_3","G_46",0.7095
"G_3","G_47",0.8315
"G_3","G_48",0.8795
"G_3","G_49",0.860875
"G_3","G_50",0.320625
"G_3","G_51",0.808375
"G_3","G_52",0.835
"G_3","G_54",0.848125
"G_3","G_56",0.860375
"G_3","G_57",0.907125
"G_3","G_59",0.877625
"G_3","G_60",0.879875
"G_3","G_61",0.894625
"G_3","G_62",0.892
"G_3","G_63",0.88875
"G_3","G_64",0.8555
"G_3","G_65",0.89775
"G_3","G_66",0.918125
"G_3","G_67",0.898
"G_3","G_68",0.8445
"G_3","G_69",0.8915
"G_3","G_70",0.857875
"G_3","G_71",0.871
"G_3","G_72",0.84725
"G_3","G_73",0.7835
"G_3","G_74",0.882625
"G_3","G_75",0.8805
"G_3","G_77",0.882875
"G_3","G_78",0.84225
"G_3","G_82",0.882375
"G_3","G_83",0.870625
"G_3","G_84",0.855875
"G_3","G_85",0.9025
"G_3","G_86",0.90425
"G_3","G_87",0.89375
"G_3","G_88",0.880375
"G_3","G_89",0.818625
"G_3","G_90",0.86375
"G_3","G_91",0.86325
"G_3","G_92",0.909375
"G_3","G_93",0.378625
"G_3","G_97",0.8955
"G_3","G_98",0.88425
"G_4","G_5",0.8945
"G_4","G_6",0.753625
"G_4","G_7",0.90475
"G_4","G_8",0.850625
"G_4","G_9",0.891875
"G_4","G_10",0.71025
"G_4","G_12",0.8915
"G_4","G_13",0.316625
"G_4","G_14",0.818625
"G_4","G_15",0.907875
"G_4","G_16",0.893
"G_4","G_17",0.61175
"G_4","G_18",0.9015
"G_4","G_19",0.909625
"G_4","G_20",0.438
"G_4","G_21",0.680375
"G_4","G_22",0.9125
"G_4","G_23",0.91575
"G_4","G_24",0.903875
"G_4","G_25",0.66925
"G_4","G_26",0.897375
"G_4","G_27",0.88925
"G_4","G_28",0.673875
"G_4","G_29",0.861
"G_4","G_30",0.8545
"G_4","G_31",0.813375
"G_4","G_32",0.236125
"G_4","G_34",0.680125
"G_4","G_35",0.859625
"G_4","G_36",0.624375
"G_4","G_37",0.90475
"G_4","G_38",0.39825
"G_4","G_39",0.85925
"G_4","G_40",0.514625
"G_4","G_41",0.776125
"G_4","G_42",0.180125
"G_4","G_43",0.62575
"G_4","G_44",0.48875
"G_4","G_45",0.285
"G_4","G_46",0.555125
"G_4","G_47",0.788375
"G_4","G_48",0.90075
"G_4","G_49",0.836
"G_4","G_50",0.274875
"G_4","G_51",0.763375
"G_4","G_52",0.812875
"G_4","G_54",0.881875
"G_4","G_56",0.895
"G_4","G_57",0.912
"G_4","G_59",0.9055
"G_4","G_60",0.89775
"G_4","G_61",0.90775
"G_4","G_62",0.9035
"G_4","G_63",0.851875
"G_4","G_64",0.876875
"G_4","G_65",0.917375
"G_4","G_66",0.929375
"G_4","G_67",0.9085
"G_4","G_68",0.860375
"G_4","G_69",0.915
"G_4","G_70",0.900875
"G_4","G_71",0.866625
"G_4","G_72",0.881375
"G_4","G_73",0.681375
"G_4","G_74",0.89325
"G_4","G_75",0.8935
"G_4","G_77",0.89075
"G_4","G_78",0.864375
"G_4","G_82",0.905875
"G_4","G_83",0.899
"G_4","G_84",0.869375
"G_4","G_85",0.90425
"G_4","G_86",0.916375
"G_4","G_87",0.90775
"G_4","G_88",0.909625
"G_4","G_89",0.78575
"G_4","G_90",0.885625
"G_4","G_91",0.8645
"G_4","G_92",0.92225
"G_4","G_93",0.334875
"G_4","G_97",0.92025
"G_4","G_98",0.887
"G_5","G_6",0.13275
"G_5","G_7",0.85725
"G_5","G_8",0.094375
"G_5","G_9",0.343875
"G_5","G_10",0.13075
"G_5","G_12",0.714125
"G_5","G_13",0.102625
"G_5","G_14",0.186875
"G_5","G_15",0.89975
"G_5","G_16",0.1995
"G_5","G_17",0.1295
"G_5","G_18",0.512625
"G_5","G_19",0.4265
"G_5","G_20",0.08275
"G_5","G_21",0.128625
"G_5","G_22",0.916875
"G_5","G_23",0.90925
"G_5","G_24",0.88225
"G_5","G_25",0.08725
"G_5","G_26",0.190625
"G_5","G_27",0.216125
"G_5","G_28",0.073375
"G_5","G_29",0.1275
"G_5","G_30",0.22625
"G_5","G_31",0.094125
"G_5","G_32",0.073875
"G_5","G_34",0.130625
"G_5","G_35",0.27675
"G_5","G_36",0.127625
"G_5","G_37",0.6415
"G_5","G_38",0.126625
"G_5","G_39",0.215375
"G_5","G_40",0.094125
"G_5","G_41",0.083375
"G_5","G_42",0.0855
"G_5","G_43",0.130375
"G_5","G_44",0.1165
"G_5","G_45",0.119625
"G_5","G_46",0.074125
"G_5","G_47",0.091
"G_5","G_48",0.54875
"G_5","G_49",0.159625
"G_5","G_50",0.123625
"G_5","G_51",0.12875
"G_5","G_52",0.12725
"G_5","G_54",0.432125
"G_5","G_56",0.493
"G_5","G_57",0.855125
"G_5","G_59",0.72775
"G_5","G_60",0.666125
"G_5","G_61",0.87975
"G_5","G_62",0.601
"G_5","G_63",0.18925
"G_5","G_64",0.230625
"G_5","G_65",0.5705
"G_5","G_66",0.691625
"G_5","G_67",0.82225
"G_5","G_68",0.11975
"G_5","G_69",0.622625
"G_5","G_70",0.21075
"G_5","G_71",0.281875
"G_5","G_72",0.36175
"G_5","G_73",0.1625
"G_5","G_74",0.8395
"G_5","G_75",0.69875
"G_5","G_77",0.709375
"G_5","G_78",0.6465
"G_5","G_82",0.806375
"G_5","G_83",0.87225
"G_5","G_84",0.569375
"G_5","G_85",0.795625
"G_5","G_86",0.908625
"G_5","G_87",0.887
"G_5","G_88",0.695875
"G_5","G_89",0.207375
"G_5","G_90",0.57325
"G_5","G_91",0.338875
"G_5","G_92",0.791125
"G_5","G_93",0.09675
"G_5","G_97",0.898625
"G_5","G_98",0.244875
"G_6","G_7",0.90525
"G_6","G_8",0.611625
"G_6","G_9",0.821125
"G_6","G_10",0.462625
"G_6","G_12",0.877625
"G_6","G_13",0.169875
"G_6","G_14",0.552125
"G_6","G_15",0.90625
"G_6","G_16",0.7385
"G_6","G_17",0.371875
"G_6","G_18",0.879625
"G_6","G_19",0.81075
"G_6","G_20",0.227
"G_6","G_21",0.419625
"G_6","G_22",0.911625
"G_6","G_23",0.90675
"G_6","G_24",0.892375
"G_6","G_25",0.341375
"G_6","G_26",0.768
"G_6","G_27",0.780125
"G_6","G_28",0.319125
"G_6","G_29",0.588375
"G_6","G_30",0.745125
"G_6","G_31",0.557625
"G_6","G_32",0.121875
"G_6","G_34",0.418875
"G_6","G_35",0.725625
"G_6","G_36",0.40875
"G_6","G_37",0.86875
"G_6","G_38",0.224625
"G_6","G_39",0.70775
"G_6","G_40",0.277625
"G_6","G_41",0.495125
"G_6","G_42",0.105375
"G_6","G_43",0.316
"G_6","G_44",0.246125
"G_6","G_45",0.164875
"G_6","G_46",0.242875
"G_6","G_47",0.436
"G_6","G_48",0.86825
"G_6","G_49",0.60425
"G_6","G_50",0.179625
"G_6","G_51",0.470625
"G_6","G_52",0.5335
"G_6","G_54",0.83375
"G_6","G_56",0.8545
"G_6","G_57",0.909875
"G_6","G_59",0.86
"G_6","G_60",0.851
"G_6","G_61",0.8985
"G_6","G_62",0.88225
"G_6","G_63",0.617
"G_6","G_64",0.724875
"G_6","G_65",0.881875
"G_6","G_66",0.911
"G_6","G_67",0.8995
"G_6","G_68",0.679125
"G_6","G_69",0.89
"G_6","G_70",0.796125
"G_6","G_71",0.73825
"G_6","G_72",0.793
"G_6","G_73",0.438875
"G_6","G_74",0.8815
"G_6","G_75",0.879875
"G_6","G_77",0.87275
"G_6","G_78",0.815625
"G_6","G_82",0.880625
"G_6","G_83",0.8755
"G_6","G_84",0.817125
"G_6","G_85",0.906375
"G_6","G_86",0.9115
"G_6","G_87",0.900125
"G_6","G_88",0.865375
"G_6","G_89",0.585375
"G_6","G_90",0.819375
"G_6","G_91",0.731125
"G_6","G_92",0.900375
"G_6","G_93",0.18725
"G_6","G_97",0.90275
"G_6","G_98",0.832375
"G_7","G_8",0.076
"G_7","G_9",0.144375
"G_7","G_10",0.095125
"G_7","G_12",0.266
"G_7","G_13",0.080875
"G_7","G_14",0.121375
"G_7","G_15",0.784625
"G_7","G_16",0.11225
"G_7","G_17",0.106875
"G_7","G_18",0.145875
"G_7","G_19",0.186125
"G_7","G_20",0.076875
"G_7","G_21",0.117875
"G_7","G_22",0.86825
"G_7","G_23",0.87325
"G_7","G_24",0.68325
"G_7","G_25",0.0795
"G_7","G_26",0.10225
"G_7","G_27",0.1095
"G_7","G_28",0.07025
"G_7","G_29",0.108625
"G_7","G_30",0.104625
"G_7","G_31",0.09275
"G_7","G_32",0.057125
"G_7","G_34",0.082875
"G_7","G_35",0.0995
"G_7","G_36",0.081375
"G_7","G_37",0.334625
"G_7","G_38",0.098875
"G_7","G_39",0.13125
"G_7","G_40",0.08025
"G_7","G_41",0.077875
"G_7","G_42",0.080625
"G_7","G_43",0.10075
"G_7","G_44",0.097875
"G_7","G_45",0.08725
"G_7","G_46",0.0665
"G_7","G_47",0.0795
"G_7","G_48",0.219125
"G_7","G_49",0.08975
"G_7","G_50",0.08925
"G_7","G_51",0.108625
"G_7","G_52",0.101625
"G_7","G_54",0.120125
"G_7","G_56",0.133875
"G_7","G_57",0.459
"G_7","G_59",0.42425
"G_7","G_60",0.390375
"G_7","G_61",0.807
"G_7","G_62",0.190375
"G_7","G_63",0.118625
"G_7","G_64",0.107875
"G_7","G_65",0.172875
"G_7","G_66",0.334875
"G_7","G_67",0.478
"G_7","G_68",0.083875
"G_7","G_69",0.163875
"G_7","G_70",0.090625
"G_7","G_71",0.1185
"G_7","G_72",0.131
"G_7","G_73",0.11275
"G_7","G_74",0.696
"G_7","G_75",0.218625
"G_7","G_77",0.4595
"G_7","G_78",0.407
"G_7","G_82",0.541
"G_7","G_83",0.83975
"G_7","G_84",0.300375
"G_7","G_85",0.527875
"G_7","G_86",0.820125
"G_7","G_87",0.8825
"G_7","G_88",0.4255
"G_7","G_89",0.114
"G_7","G_90",0.29
"G_7","G_91",0.171125
"G_7","G_92",0.557
"G_7","G_93",0.0775
"G_7","G_97",0.870875
"G_7","G_98",0.101875
"G_8","G_9",0.829
"G_8","G_10",0.360125
"G_8","G_12",0.905
"G_8","G_13",0.139875
"G_8","G_14",0.415625
"G_8","G_15",0.9345
"G_8","G_16",0.678125
"G_8","G_17",0.26025
"G_8","G_18",0.91825
"G_8","G_19",0.8125
"G_8","G_20",0.167375
"G_8","G_21",0.301875
"G_8","G_22",0.938
"G_8","G_23",0.936875
"G_8","G_24",0.93375
"G_8","G_25",0.17525
"G_8","G_26",0.765375
"G_8","G_27",0.800625
"G_8","G_28",0.156625
"G_8","G_29",0.398
"G_8","G_30",0.724375
"G_8","G_31",0.42125
"G_8","G_32",0.112625
"G_8","G_34",0.324125
"G_8","G_35",0.7195
"G_8","G_36",0.323625
"G_8","G_37",0.90675
"G_8","G_38",0.183875
"G_8","G_39",0.660625
"G_8","G_40",0.179625
"G_8","G_41",0.315125
"G_8","G_42",0.10675
"G_8","G_43",0.182875
"G_8","G_44",0.18075
"G_8","G_45",0.157
"G_8","G_46",0.131625
"G_8","G_47",0.229125
"G_8","G_48",0.90975
"G_8","G_49",0.49425
"G_8","G_50",0.185625
"G_8","G_51",0.32725
"G_8","G_52",0.3535
"G_8","G_54",0.873875
"G_8","G_56",0.89825
"G_8","G_57",0.931125
"G_8","G_59",0.903125
"G_8","G_60",0.881625
"G_8","G_61",0.925375
"G_8","G_62",0.922375
"G_8","G_63",0.512
"G_8","G_64",0.711
"G_8","G_65",0.942625
"G_8","G_66",0.934375
"G_8","G_67",0.92975
"G_8","G_68",0.6225
"G_8","G_69",0.922875
"G_8","G_70",0.83125
"G_8","G_71",0.721375
"G_8","G_72",0.811625
"G_8","G_73",0.319
"G_8","G_74",0.91425
"G_8","G_75",0.9115
"G_8","G_77",0.901375
"G_8","G_78",0.8305
"G_8","G_82",0.914
"G_8","G_83",0.905875
"G_8","G_84",0.8405
"G_8","G_85",0.934375
"G_8","G_86",0.939125
"G_8","G_87",0.9255
"G_8","G_88",0.90625
"G_8","G_89",0.5045
"G_8","G_90",0.862
"G_8","G_91",0.7105
"G_8","G_92",0.930125
"G_8","G_93",0.15025
"G_8","G_97",0.9235
"G_8","G_98",0.873625
"G_9","G_10",0.17775
"G_9","G_12",0.768125
"G_9","G_13",0.09325
"G_9","G_14",0.222375
"G_9","G_15",0.888875
"G_9","G_16",0.30175
"G_9","G_17",0.133375
"G_9","G_18",0.665125
"G_9","G_19",0.539625
"G_9","G_20",0.085375
"G_9","G_21",0.156375
"G_9","G_22",0.920625
"G_9","G_23",0.883625
"G_9","G_24",0.857125
"G_9","G_25",0.10025
"G_9","G_26",0.340875
"G_9","G_27",0.373375
"G_9","G_28",0.093375
"G_9","G_29",0.17175
"G_9","G_30",0.364625
"G_9","G_31",0.1775
"G_9","G_32",0.07375
"G_9","G_34",0.141375
"G_9","G_35",0.399875
"G_9","G_36",0.155375
"G_9","G_37",0.715
"G_9","G_38",0.107
"G_9","G_39",0.332625
"G_9","G_40",0.100375
"G_9","G_41",0.133625
"G_9","G_42",0.094
"G_9","G_43",0.12475
"G_9","G_44",0.10625
"G_9","G_45",0.102875
"G_9","G_46",0.083875
"G_9","G_47",0.107125
"G_9","G_48",0.675625
"G_9","G_49",0.215875
"G_9","G_50",0.109375
"G_9","G_51",0.169125
"G_9","G_52",0.159
"G_9","G_54",0.60075
"G_9","G_56",0.647
"G_9","G_57",0.885
"G_9","G_59",0.764
"G_9","G_60",0.725
"G_9","G_61",0.8685
"G_9","G_62",0.723625
"G_9","G_63",0.239625
"G_9","G_64",0.37
"G_9","G_65",0.70875
"G_9","G_66",0.763125
"G_9","G_67",0.853375
"G_9","G_68",0.24125
"G_9","G_69",0.726875
"G_9","G_70",0.3885
"G_9","G_71",0.392875
"G_9","G_72",0.5195
"G_9","G_73",0.14925
"G_9","G_74",0.844625
"G_9","G_75",0.7705
"G_9","G_77",0.771625
"G_9","G_78",0.717625
"G_9","G_82",0.8195
"G_9","G_83",0.861625
"G_9","G_84",0.661
"G_9","G_85",0.815875
"G_9","G_86",0.8975
"G_9","G_87",0.881625
"G_9","G_88",0.758625
"G_9","G_89",0.27575
"G_9","G_90",0.653875
"G_9","G_91",0.464125
"G_9","G_92",0.837875
"G_9","G_93",0.093
"G_9","G_97",0.88275
"G_9","G_98",0.448875
"G_10","G_12",0.873625
"G_10","G_13",0.190875
"G_10","G_14",0.600625
"G_10","G_15",0.911375
"G_10","G_16",0.758625
"G_10","G_17",0.412375
"G_10","G_18",0.88575
"G_10","G_19",0.83425
"G_10","G_20",0.27475
"G_10","G_21",0.455
"G_10","G_22",0.9215
"G_10","G_23",0.918
"G_10","G_24",0.9065
"G_10","G_25",0.387125
"G_10","G_26",0.789625
"G_10","G_27",0.799375
"G_10","G_28",0.38
"G_10","G_29",0.62425
"G_10","G_30",0.75875
"G_10","G_31",0.59725
"G_10","G_32",0.133125
"G_10","G_34",0.4875
"G_10","G_35",0.75375
"G_10","G_36",0.439375
"G_10","G_37",0.884125
"G_10","G_38",0.270375
"G_10","G_39",0.726875
"G_10","G_40",0.292625
"G_10","G_41",0.54125
"G_10","G_42",0.132375
"G_10","G_43",0.371125
"G_10","G_44",0.28925
"G_10","G_45",0.197
"G_10","G_46",0.29875
"G_10","G_47",0.497375
"G_10","G_48",0.8865
"G_10","G_49",0.65
"G_10","G_50",0.211625
"G_10","G_51",0.518
"G_10","G_52",0.565125
"G_10","G_54",0.840875
"G_10","G_56",0.8705
"G_10","G_57",0.9175
"G_10","G_59",0.8855
"G_10","G_60",0.866125
"G_10","G_61",0.915125
"G_10","G_62",0.90025
"G_10","G_63",0.644125
"G_10","G_64",0.741875
"G_10","G_65",0.91175
"G_10","G_66",0.9105
"G_10","G_67",0.91025
"G_10","G_68",0.7055
"G_10","G_69",0.898
"G_10","G_70",0.825625
"G_10","G_71",0.769
"G_10","G_72",0.80625
"G_10","G_73",0.473875
"G_10","G_74",0.898125
"G_10","G_75",0.889875
"G_10","G_77",0.869125
"G_10","G_78",0.829625
"G_10","G_82",0.896625
"G_10","G_83",0.903875
"G_10","G_84",0.819125
"G_10","G_85",0.9035
"G_10","G_86",0.922
"G_10","G_87",0.90775
"G_10","G_88",0.89575
"G_10","G_89",0.616125
"G_10","G_90",0.85125
"G_10","G_91",0.754875
"G_10","G_92",0.918
"G_10","G_93",0.215
"G_10","G_97",0.915
"G_10","G_98",0.837375
"G_12","G_13",0.095625
"G_12","G_14",0.17575
"G_12","G_15",0.89875
"G_12","G_16",0.184
"G_12","G_17",0.12675
"G_12","G_18",0.28475
"G_12","G_19",0.3
"G_12","G_20",0.091875
"G_12","G_21",0.127
"G_12","G_22",0.93025
"G_12","G_23",0.912875
"G_12","G_24",0.849625
"G_12","G_25",0.0975
"G_12","G_26",0.146
"G_12","G_27",0.1755
"G_12","G_28",0.0865
"G_12","G_29",0.133
"G_12","G_30",0.16925
"G_12","G_31",0.11025
"G_12","G_32",0.079125
"G_12","G_34",0.134625
"G_12","G_35",0.1735
"G_12","G_36",0.11625
"G_12","G_37",0.50425
"G_12","G_38",0.134375
"G_12","G_39",0.17975
"G_12","G_40",0.108
"G_12","G_41",0.093375
"G_12","G_42",0.0935
"G_12","G_43",0.13675
"G_12","G_44",0.129
"G_12","G_45",0.126125
"G_12","G_46",0.08425
"G_12","G_47",0.095375
"G_12","G_48",0.377
"G_12","G_49",0.141375
"G_12","G_50",0.13675
"G_12","G_51",0.134375
"G_12","G_52",0.1245
"G_12","G_54",0.24375
"G_12","G_56",0.272375
"G_12","G_57",0.69975
"G_12","G_59",0.599625
"G_12","G_60",0.5455
"G_12","G_61",0.887125
"G_12","G_62",0.361
"G_12","G_63",0.165875
"G_12","G_64",0.172875
"G_12","G_65",0.3425
"G_12","G_66",0.530125
"G_12","G_67",0.69125
"G_12","G_68",0.117
"G_12","G_69",0.3695
"G_12","G_70",0.150375
"G_12","G_71",0.20325
"G_12","G_72",0.222625
"G_12","G_73",0.167125
"G_12","G_74",0.806
"G_12","G_75",0.4485
"G_12","G_77",0.608
"G_12","G_78",0.539
"G_12","G_82",0.704625
"G_12","G_83",0.879875
"G_12","G_84",0.443125
"G_12","G_85",0.703625
"G_12","G_86",0.91025
"G_12","G_87",0.90225
"G_12","G_88",0.577875
"G_12","G_89",0.15225
"G_12","G_90",0.449625
"G_12","G_91",0.24775
"G_12","G_92",0.706
"G_12","G_93",0.10275
"G_12","G_97",0.895375
"G_12","G_98",0.166875
"G_13","G_14",0.9165
"G_13","G_15",0.920625
"G_13","G_16",0.9145
"G_13","G_17",0.742375
"G_13","G_18",0.919
"G_13","G_19",0.925
"G_13","G_20",0.643875
"G_13","G_21",0.81375
"G_13","G_22",0.935375
"G_13","G_23",0.925875
"G_13","G_24",0.922625
"G_13","G_25",0.8185
"G_13","G_26",0.908125
"G_13","G_27",0.907125
"G_13","G_28",0.7995
"G_13","G_29",0.890875
"G_13","G_30",0.8795
"G_13","G_31",0.855625
"G_13","G_32",0.338375
"G_13","G_34",0.8165
"G_13","G_35",0.88275
"G_13","G_36",0.73925
"G_13","G_37",0.909375
"G_13","G_38",0.569
"G_13","G_39",0.902125
"G_13","G_40",0.67225
"G_13","G_41",0.816625
"G_13","G_42",0.261
"G_13","G_43",0.823
"G_13","G_44",0.6985
"G_13","G_45",0.443125
"G_13","G_46",0.7665
"G_13","G_47",0.860875
"G_13","G_48",0.9195
"G_13","G_49",0.895125
"G_13","G_50",0.37625
"G_13","G_51",0.86975
"G_13","G_52",0.869875
"G_13","G_54",0.889125
"G_13","G_56",0.90825
"G_13","G_57",0.9315
"G_13","G_59",0.913375
"G_13","G_60",0.899875
"G_13","G_61",0.92575
"G_13","G_62",0.9175
"G_13","G_63",0.918375
"G_13","G_64",0.886375
"G_13","G_65",0.931875
"G_13","G_66",0.945
"G_13","G_67",0.926125
"G_13","G_68",0.87
"G_13","G_69",0.91875
"G_13","G_70",0.91425
"G_13","G_71",0.89375
"G_13","G_72",0.893625
"G_13","G_73",0.837
"G_13","G_74",0.912
"G_13","G_75",0.909625
"G_13","G_77",0.9105
"G_13","G_78",0.865375
"G_13","G_82",0.91875
"G_13","G_83",0.905125
"G_13","G_84",0.877375
"G_13","G_85",0.92575
"G_13","G_86",0.93175
"G_13","G_87",0.920125
"G_13","G_88",0.936
"G_13","G_89",0.8575
"G_13","G_90",0.894625
"G_13","G_91",0.89425
"G_13","G_92",0.942
"G_13","G_93",0.416
"G_13","G_97",0.933
"G_13","G_98",0.893875
"G_14","G_15",0.872875
"G_14","G_16",0.70775
"G_14","G_17",0.29525
"G_14","G_18",0.84275
"G_14","G_19",0.768
"G_14","G_20",0.16725
"G_14","G_21",0.3635
"G_14","G_22",0.884375
"G_14","G_23",0.876625
"G_14","G_24",0.866375
"G_14","G_25",0.251125
"G_14","G_26",0.73175
"G_14","G_27",0.76525
"G_14","G_28",0.26625
"G_14","G_29",0.545875
"G_14","G_30",0.714875
"G_14","G_31",0.5255
"G_14","G_32",0.0635
"G_14","G_34",0.355
"G_14","G_35",0.703625
"G_14","G_36",0.336875
"G_14","G_37",0.849375
"G_14","G_38",0.154
"G_14","G_39",0.68075
"G_14","G_40",0.20025
"G_14","G_41",0.46625
"G_14","G_42",0.075375
"G_14","G_43",0.225875
"G_14","G_44",0.17675
"G_14","G_45",0.114875
"G_14","G_46",0.172
"G_14","G_47",0.373125
"G_14","G_48",0.82575
"G_14","G_49",0.576125
"G_14","G_50",0.137875
"G_14","G_51",0.412125
"G_14","G_52",0.4755
"G_14","G_54",0.79875
"G_14","G_56",0.79875
"G_14","G_57",0.896625
"G_14","G_59",0.8385
"G_14","G_60",0.823125
"G_14","G_61",0.876625
"G_14","G_62",0.85325
"G_14","G_63",0.585875
"G_14","G_64",0.708
"G_14","G_65",0.849375
"G_14","G_66",0.87325
"G_14","G_67",0.866625
"G_14","G_68",0.662
"G_14","G_69",0.840375
"G_14","G_70",0.772
"G_14","G_71",0.704
"G_14","G_72",0.762875
"G_14","G_73",0.34475
"G_14","G_74",0.855125
"G_14","G_75",0.844375
"G_14","G_77",0.842625
"G_14","G_78",0.792875
"G_14","G_82",0.846875
"G_14","G_83",0.83725
"G_14","G_84",0.788
"G_14","G_85",0.853125
"G_14","G_86",0.88375
"G_14","G_87",0.873875
"G_14","G_88",0.83525
"G_14","G_89",0.524375
"G_14","G_90",0.802125
"G_14","G_91",0.7015
"G_14","G_92",0.8945
"G_14","G_93",0.11775
"G_14","G_97",0.864875
"G_14","G_98",0.796
"G_15","G_16",0.09675
"G_15","G_17",0.074375
"G_15","G_18",0.112
"G_15","G_19",0.14175
"G_15","G_20",0.069375
"G_15","G_21",0.098875
"G_15","G_22",0.71275
"G_15","G_23",0.84425
"G_15","G_24",0.4145
"G_15","G_25",0.065
"G_15","G_26",0.09275
"G_15","G_27",0.0815
"G_15","G_28",0.070125
"G_15","G_29",0.113375
"G_15","G_30",0.066
"G_15","G_31",0.08225
"G_15","G_32",0.06725
"G_15","G_34",0.077125
"G_15","G_35",0.0625
"G_15","G_36",0.072125
"G_15","G_37",0.185875
"G_15","G_38",0.0895
"G_15","G_39",0.1115
"G_15","G_40",0.080125
"G_15","G_41",0.069125
"G_15","G_42",0.075375
"G_15","G_43",0.093375
"G_15","G_44",0.078625
"G_15","G_45",0.08525
"G_15","G_46",0.063375
"G_15","G_47",0.07425
"G_15","G_48",0.1185
"G_15","G_49",0.091125
"G_15","G_50",0.08825
"G_15","G_51",0.1045
"G_15","G_52",0.092375
"G_15","G_54",0.095625
"G_15","G_56",0.091875
"G_15","G_57",0.219625
"G_15","G_59",0.23875
"G_15","G_60",0.235
"G_15","G_61",0.726875
"G_15","G_62",0.129625
"G_15","G_63",0.11175
"G_15","G_64",0.0945
"G_15","G_65",0.115625
"G_15","G_66",0.18525
"G_15","G_67",0.236625
"G_15","G_68",0.078375
"G_15","G_69",0.107125
"G_15","G_70",0.087
"G_15","G_71",0.084
"G_15","G_72",0.08975
"G_15","G_73",0.10275
"G_15","G_74",0.54025
"G_15","G_75",0.12775
"G_15","G_77",0.297875
"G_15","G_78",0.240375
"G_15","G_82",0.346375
"G_15","G_83",0.826625
"G_15","G_84",0.180625
"G_15","G_85",0.305625
"G_15","G_86",0.68975
"G_15","G_87",0.8425
"G_15","G_88",0.260625
"G_15","G_89",0.095625
"G_15","G_90",0.173
"G_15","G_91",0.13475
"G_15","G_92",0.391625
"G_15","G_93",0.078
"G_15","G_97",0.844625
"G_15","G_98",0.09
"G_16","G_17",0.17625
"G_16","G_18",0.8335
"G_16","G_19",0.682625
"G_16","G_20",0.088125
"G_16","G_21",0.186125
"G_16","G_22",0.91175
"G_16","G_23",0.898625
"G_16","G_24",0.873125
"G_16","G_25",0.099375
"G_16","G_26",0.56725
"G_16","G_27",0.613875
"G_16","G_28",0.097375
"G_16","G_29",0.258125
"G_16","G_30",0.569375
"G_16","G_31",0.287125
"G_16","G_32",0.06125
"G_16","G_34",0.19525
"G_16","G_35",0.571125
"G_16","G_36",0.202375
"G_16","G_37",0.818625
"G_16","G_38",0.118
"G_16","G_39",0.505875
"G_16","G_40",0.104375
"G_16","G_41",0.22175
"G_16","G_42",0.075875
"G_16","G_43",0.120125
"G_16","G_44",0.11175
"G_16","G_45",0.10375
"G_16","G_46",0.07175
"G_16","G_47",0.12825
"G_16","G_48",0.79675
"G_16","G_49",0.346125
"G_16","G_50",0.120125
"G_16","G_51",0.219375
"G_16","G_52",0.232125
"G_16","G_54",0.76125
"G_16","G_56",0.78425
"G_16","G_57",0.90875
"G_16","G_59",0.818625
"G_16","G_60",0.78725
"G_16","G_61",0.878
"G_16","G_62",0.84
"G_16","G_63",0.357
"G_16","G_64",0.543
"G_16","G_65",0.818875
"G_16","G_66",0.874875
"G_16","G_67",0.8975
"G_16","G_68",0.427
"G_16","G_69",0.842875
"G_16","G_70",0.637875
"G_16","G_71",0.582
"G_16","G_72",0.691375
"G_16","G_73",0.2
"G_16","G_74",0.86475
"G_16","G_75",0.852375
"G_16","G_77",0.837125
"G_16","G_78",0.777875
"G_16","G_82",0.847125
"G_16","G_83",0.856875
"G_16","G_84",0.735375
"G_16","G_85",0.8575
"G_16","G_86",0.907875
"G_16","G_87",0.903125
"G_16","G_88",0.831
"G_16","G_89",0.381875
"G_16","G_90",0.77175
"G_16","G_91",0.5965
"G_16","G_92",0.873125
"G_16","G_93",0.0995
"G_16","G_97",0.879875
"G_16","G_98",0.7125
"G_17","G_18",0.902
"G_17","G_19",0.8655
"G_17","G_20",0.35025
"G_17","G_21",0.542625
"G_17","G_22",0.91575
"G_17","G_23",0.91675
"G_17","G_24",0.891875
"G_17","G_25",0.51175
"G_17","G_26",0.81875
"G_17","G_27",0.83325
"G_17","G_28",0.51975
"G_17","G_29",0.731125
"G_17","G_30",0.797625
"G_17","G_31",0.695
"G_17","G_32",0.2035
"G_17","G_34",0.569625
"G_17","G_35",0.78825
"G_17","G_36",0.50975
"G_17","G_37",0.897625
"G_17","G_38",0.3265
"G_17","G_39",0.794125
"G_17","G_40",0.412875
"G_17","G_41",0.659
"G_17","G_42",0.158875
"G_17","G_43",0.490625
"G_17","G_44",0.38075
"G_17","G_45",0.24775
"G_17","G_46",0.406125
"G_17","G_47",0.60225
"G_17","G_48",0.88225
"G_17","G_49",0.729625
"G_17","G_50",0.26
"G_17","G_51",0.633125
"G_17","G_52",0.6795
"G_17","G_54",0.854
"G_17","G_56",0.8755
"G_17","G_57",0.92675
"G_17","G_59",0.877625
"G_17","G_60",0.862625
"G_17","G_61",0.901125
"G_17","G_62",0.897375
"G_17","G_63",0.742
"G_17","G_64",0.792125
"G_17","G_65",0.89025
"G_17","G_66",0.922
"G_17","G_67",0.908375
"G_17","G_68",0.78
"G_17","G_69",0.893375
"G_17","G_70",0.845375
"G_17","G_71",0.820875
"G_17","G_72",0.83125
"G_17","G_73",0.56125
"G_17","G_74",0.884625
"G_17","G_75",0.892375
"G_17","G_77",0.890625
"G_17","G_78",0.826125
"G_17","G_82",0.89075
"G_17","G_83",0.879875
"G_17","G_84",0.826125
"G_17","G_85",0.89575
"G_17","G_86",0.927625
"G_17","G_87",0.907125
"G_17","G_88",0.8935
"G_17","G_89",0.678
"G_17","G_90",0.856375
"G_17","G_91",0.8085
"G_17","G_92",0.91125
"G_17","G_93",0.260125
"G_17","G_97",0.89325
"G_17","G_98",0.86075
"G_18","G_19",0.38675
"G_18","G_20",0.07425
"G_18","G_21",0.1145
"G_18","G_22",0.91
"G_18","G_23",0.889625
"G_18","G_24",0.865625
"G_18","G_25",0.074125
"G_18","G_26",0.1615
"G_18","G_27",0.187
"G_18","G_28",0.0735
"G_18","G_29",0.10975
"G_18","G_30",0.203875
"G_18","G_31",0.093125
"G_18","G_32",0.068875
"G_18","G_34",0.108125
"G_18","G_35",0.249375
"G_18","G_36",0.1145
"G_18","G_37",0.626875
"G_18","G_38",0.103625
"G_18","G_39",0.212375
"G_18","G_40",0.082125
"G_18","G_41",0.08175
"G_18","G_42",0.0785
"G_18","G_43",0.103125
"G_18","G_44",0.095375
"G_18","G_45",0.094125
"G_18","G_46",0.05825
"G_18","G_47",0.082875
"G_18","G_48",0.54275
"G_18","G_49",0.14475
"G_18","G_50",0.115
"G_18","G_51",0.114375
"G_18","G_52",0.094375
"G_18","G_54",0.4215
"G_18","G_56",0.480375
"G_18","G_57",0.8475
"G_18","G_59",0.701625
"G_18","G_60",0.63175
"G_18","G_61",0.859
"G_18","G_62",0.61675
"G_18","G_63",0.14325
"G_18","G_64",0.202375
"G_18","G_65",0.561125
"G_18","G_66",0.674
"G_18","G_67",0.8255
"G_18","G_68",0.111875
"G_18","G_69",0.612875
"G_18","G_70",0.191
"G_18","G_71",0.263375
"G_18","G_72",0.34
"G_18","G_73",0.131375
"G_18","G_74",0.83675
"G_18","G_75",0.69975
"G_18","G_77",0.70975
"G_18","G_78",0.65275
"G_18","G_82",0.788
"G_18","G_83",0.8565
"G_18","G_84",0.559625
"G_18","G_85",0.78275
"G_18","G_86",0.9025
"G_18","G_87",0.8805
"G_18","G_88",0.66725
"G_18","G_89",0.18425
"G_18","G_90",0.557
"G_18","G_91",0.326875
"G_18","G_92",0.774625
"G_18","G_93",0.0905
"G_18","G_97",0.87175
"G_18","G_98",0.22775
"G_19","G_20",0.1025
"G_19","G_21",0.16575
"G_19","G_22",0.88425
"G_19","G_23",0.87625
"G_19","G_24",0.85
"G_19","G_25",0.102125
"G_19","G_26",0.322625
"G_19","G_27",0.35725
"G_19","G_28",0.0905
"G_19","G_29",0.194625
"G_19","G_30",0.352
"G_19","G_31",0.17
"G_19","G_32",0.073
"G_19","G_34",0.16075
"G_19","G_35",0.373875
"G_19","G_36",0.154875
"G_19","G_37",0.685375
"G_19","G_38",0.124125
"G_19","G_39",0.328
"G_19","G_40",0.093
"G_19","G_41",0.124375
"G_19","G_42",0.07375
"G_19","G_43",0.123
"G_19","G_44",0.1095
"G_19","G_45",0.119
"G_19","G_46",0.0945
"G_19","G_47",0.128
"G_19","G_48",0.634125
"G_19","G_49",0.238875
"G_19","G_50",0.13425
"G_19","G_51",0.178875
"G_19","G_52",0.1545
"G_19","G_54",0.545375
"G_19","G_56",0.583625
"G_19","G_57",0.802375
"G_19","G_59",0.741375
"G_19","G_60",0.678875
"G_19","G_61",0.876
"G_19","G_62",0.658375
"G_19","G_63",0.251
"G_19","G_64",0.338
"G_19","G_65",0.642375
"G_19","G_66",0.728625
"G_19","G_67",0.787625
"G_19","G_68",0.237375
"G_19","G_69",0.66675
"G_19","G_70",0.384875
"G_19","G_71",0.39475
"G_19","G_72",0.47175
"G_19","G_73",0.192625
"G_19","G_74",0.833875
"G_19","G_75",0.7185
"G_19","G_77",0.719375
"G_19","G_78",0.676875
"G_19","G_82",0.8055
"G_19","G_83",0.855125
"G_19","G_84",0.610875
"G_19","G_85",0.7935
"G_19","G_86",0.884
"G_19","G_87",0.882875
"G_19","G_88",0.717375
"G_19","G_89",0.258625
"G_19","G_90",0.627
"G_19","G_91",0.41225
"G_19","G_92",0.80475
"G_19","G_93",0.094375
"G_19","G_97",0.8755
"G_19","G_98",0.41275
"G_20","G_21",0.720875
"G_20","G_22",0.934375
"G_20","G_23",0.931
"G_20","G_24",0.927625
"G_20","G_25",0.706125
"G_20","G_26",0.89275
"G_20","G_27",0.9135
"G_20","G_28",0.69025
"G_20","G_29",0.854875
"G_20","G_30",0.880625
"G_20","G_31",0.817875
"G_20","G_32",0.2535
"G_20","G_34",0.7135
"G_20","G_35",0.872875
"G_20","G_36",0.66425
"G_20","G_37",0.920875
"G_20","G_38",0.44675
"G_20","G_39",0.87925
"G_20","G_40",0.55125
"G_20","G_41",0.79
"G_20","G_42",0.2
"G_20","G_43",0.65825
"G_20","G_44",0.534
"G_20","G_45",0.333375
"G_20","G_46",0.58375
"G_20","G_47",0.78725
"G_20","G_48",0.928875
"G_20","G_49",0.850125
"G_20","G_50",0.3175
"G_20","G_51",0.7745
"G_20","G_52",0.813
"G_20","G_54",0.88375
"G_20","G_56",0.893125
"G_20","G_57",0.92775
"G_20","G_59",0.90075
"G_20","G_60",0.907875
"G_20","G_61",0.920125
"G_20","G_62",0.92025
"G_20","G_63",0.871375
"G_20","G_64",0.88925
"G_20","G_65",0.9375
"G_20","G_66",0.941625
"G_20","G_67",0.925875
"G_20","G_68",0.864875
"G_20","G_69",0.932
"G_20","G_70",0.901875
"G_20","G_71",0.875375
"G_20","G_72",0.889375
"G_20","G_73",0.729375
"G_20","G_74",0.912375
"G_20","G_75",0.9095
"G_20","G_77",0.909875
"G_20","G_78",0.869
"G_20","G_82",0.919
"G_20","G_83",0.903625
"G_20","G_84",0.8885
"G_20","G_85",0.933875
"G_20","G_86",0.942625
"G_20","G_87",0.932875
"G_20","G_88",0.919125
"G_20","G_89",0.802875
"G_20","G_90",0.8955
"G_20","G_91",0.87525
"G_20","G_92",0.935125
"G_20","G_93",0.349875
"G_20","G_97",0.937625
"G_20","G_98",0.90375
"G_21","G_22",0.9005
"G_21","G_23",0.905125
"G_21","G_24",0.892
"G_21","G_25",0.441125
"G_21","G_26",0.801375
"G_21","G_27",0.840625
"G_21","G_28",0.429
"G_21","G_29",0.67925
"G_21","G_30",0.79625
"G_21","G_31",0.651375
"G_21","G_32",0.128125
"G_21","G_34",0.52075
"G_21","G_35",0.778375
"G_21","G_36",0.4775
"G_21","G_37",0.884875
"G_21","G_38",0.261875
"G_21","G_39",0.768375
"G_21","G_40",0.344375
"G_21","G_41",0.6045
"G_21","G_42",0.124125
"G_21","G_43",0.40125
"G_21","G_44",0.301875
"G_21","G_45",0.199125
"G_21","G_46",0.319625
"G_21","G_47",0.555625
"G_21","G_48",0.89325
"G_21","G_49",0.687125
"G_21","G_50",0.209
"G_21","G_51",0.572875
"G_21","G_52",0.621375
"G_21","G_54",0.831
"G_21","G_56",0.85175
"G_21","G_57",0.899875
"G_21","G_59",0.868375
"G_21","G_60",0.862625
"G_21","G_61",0.888875
"G_21","G_62",0.88475
"G_21","G_63",0.714875
"G_21","G_64",0.782
"G_21","G_65",0.900375
"G_21","G_66",0.900875
"G_21","G_67",0.898375
"G_21","G_68",0.756125
"G_21","G_69",0.893
"G_21","G_70",0.82775
"G_21","G_71",0.793
"G_21","G_72",0.817125
"G_21","G_73",0.512875
"G_21","G_74",0.882125
"G_21","G_75",0.883375
"G_21","G_77",0.875125
"G_21","G_78",0.826875
"G_21","G_82",0.88775
"G_21","G_83",0.888375
"G_21","G_84",0.8335
"G_21","G_85",0.89275
"G_21","G_86",0.914
"G_21","G_87",0.897125
"G_21","G_88",0.875625
"G_21","G_89",0.639875
"G_21","G_90",0.8455
"G_21","G_91",0.78225
"G_21","G_92",0.904
"G_21","G_93",0.2215
"G_21","G_97",0.90475
"G_21","G_98",0.86525
"G_22","G_23",0.834875
"G_22","G_24",0.241125
"G_22","G_25",0.06475
"G_22","G_26",0.09175
"G_22","G_27",0.0865
"G_22","G_28",0.059625
"G_22","G_29",0.10725
"G_22","G_30",0.071625
"G_22","G_31",0.075625
"G_22","G_32",0.0535
"G_22","G_34",0.076
"G_22","G_35",0.054375
"G_22","G_36",0.068875
"G_22","G_37",0.126
"G_22","G_38",0.085375
"G_22","G_39",0.1
"G_22","G_40",0.0755
"G_22","G_41",0.063625
"G_22","G_42",0.065125
"G_22","G_43",0.08275
"G_22","G_44",0.078375
"G_22","G_45",0.06925
"G_22","G_46",0.05675
"G_22","G_47",0.074875
"G_22","G_48",0.103375
"G_22","G_49",0.084
"G_22","G_50",0.08775
"G_22","G_51",0.1005
"G_22","G_52",0.083625
"G_22","G_54",0.0915
"G_22","G_56",0.088
"G_22","G_57",0.138875
"G_22","G_59",0.146875
"G_22","G_60",0.168
"G_22","G_61",0.623625
"G_22","G_62",0.102375
"G_22","G_63",0.107375
"G_22","G_64",0.087625
"G_22","G_65",0.110875
"G_22","G_66",0.13775
"G_22","G_67",0.14325
"G_22","G_68",0.08
"G_22","G_69",0.0865
"G_22","G_70",0.0875
"G_22","G_71",0.065375
"G_22","G_72",0.08375
"G_22","G_73",0.11575
"G_22","G_74",0.41825
"G_22","G_75",0.095375
"G_22","G_77",0.17075
"G_22","G_78",0.158875
"G_22","G_82",0.208875
"G_22","G_83",0.828
"G_22","G_84",0.1135
"G_22","G_85",0.197125
"G_22","G_86",0.515375
"G_22","G_87",0.836
"G_22","G_88",0.192
"G_22","G_89",0.083375
"G_22","G_90",0.120125
"G_22","G_91",0.1135
"G_22","G_92",0.2835
"G_22","G_93",0.07075
"G_22","G_97",0.827125
"G_22","G_98",0.06825
"G_23","G_24",0.112375
"G_23","G_25",0.06125
"G_23","G_26",0.092875
"G_23","G_27",0.084125
"G_23","G_28",0.067875
"G_23","G_29",0.107875
"G_23","G_30",0.064375
"G_23","G_31",0.076125
"G_23","G_32",0.06275
"G_23","G_34",0.076375
"G_23","G_35",0.0655
"G_23","G_36",0.071125
"G_23","G_37",0.114625
"G_23","G_38",0.093875
"G_23","G_39",0.110625
"G_23","G_40",0.08375
"G_23","G_41",0.06075
"G_23","G_42",0.070375
"G_23","G_43",0.092875
"G_23","G_44",0.079
"G_23","G_45",0.09675
"G_23","G_46",0.059875
"G_23","G_47",0.0665
"G_23","G_48",0.103
"G_23","G_49",0.101375
"G_23","G_50",0.105375
"G_23","G_51",0.096
"G_23","G_52",0.092125
"G_23","G_54",0.098125
"G_23","G_56",0.1005
"G_23","G_57",0.154625
"G_23","G_59",0.095875
"G_23","G_60",0.093625
"G_23","G_61",0.30625
"G_23","G_62",0.126875
"G_23","G_63",0.1175
"G_23","G_64",0.088125
"G_23","G_65",0.10525
"G_23","G_66",0.138125
"G_23","G_67",0.139375
"G_23","G_68",0.07225
"G_23","G_69",0.108375
"G_23","G_70",0.098375
"G_23","G_71",0.092125
"G_23","G_72",0.077125
"G_23","G_73",0.10675
"G_23","G_74",0.170375
"G_23","G_75",0.124625
"G_23","G_77",0.141875
"G_23","G_78",0.0645
"G_23","G_82",0.113125
"G_23","G_83",0.700375
"G_23","G_84",0.071
"G_23","G_85",0.10225
"G_23","G_86",0.2085
"G_23","G_87",0.815
"G_23","G_88",0.11675
"G_23","G_89",0.085
"G_23","G_90",0.09475
"G_23","G_91",0.116375
"G_23","G_92",0.151625
"G_23","G_93",0.077375
"G_23","G_97",0.639375
"G_23","G_98",0.102875
"G_24","G_25",0.074875
"G_24","G_26",0.109375
"G_24","G_27",0.13025
"G_24","G_28",0.071
"G_24","G_29",0.119875
"G_24","G_30",0.10025
"G_24","G_31",0.097875
"G_24","G_32",0.064625
"G_24","G_34",0.0915
"G_24","G_35",0.079625
"G_24","G_36",0.087625
"G_24","G_37",0.246
"G_24","G_38",0.0945
"G_24","G_39",0.147125
"G_24","G_40",0.082625
"G_24","G_41",0.07675
"G_24","G_42",0.073875
"G_24","G_43",0.092375
"G_24","G_44",0.09825
"G_24","G_45",0.0995
"G_24","G_46",0.060875
"G_24","G_47",0.073375
"G_24","G_48",0.157125
"G_24","G_49",0.114875
"G_24","G_50",0.113375
"G_24","G_51",0.11625
"G_24","G_52",0.097125
"G_24","G_54",0.111
"G_24","G_56",0.110625
"G_24","G_57",0.2795
"G_24","G_59",0.288625
"G_24","G_60",0.283125
"G_24","G_61",0.76125
"G_24","G_62",0.161875
"G_24","G_63",0.117625
"G_24","G_64",0.10925
"G_24","G_65",0.142875
"G_24","G_66",0.24225
"G_24","G_67",0.32625
"G_24","G_68",0.087375
"G_24","G_69",0.140875
"G_24","G_70",0.107875
"G_24","G_71",0.106875
"G_24","G_72",0.10475
"G_24","G_73",0.142125
"G_24","G_74",0.610125
"G_24","G_75",0.16
"G_24","G_77",0.332625
"G_24","G_78",0.2805
"G_24","G_82",0.397875
"G_24","G_83",0.8465
"G_24","G_84",0.212125
"G_24","G_85",0.3835
"G_24","G_86",0.744625
"G_24","G_87",0.891
"G_24","G_88",0.326
"G_24","G_89",0.108125
"G_24","G_90",0.222
"G_24","G_91",0.1465
"G_24","G_92",0.455125
"G_24","G_93",0.078625
"G_24","G_97",0.872125
"G_24","G_98",0.10025
"G_25","G_26",0.88725
"G_25","G_27",0.91375
"G_25","G_28",0.5195
"G_25","G_29",0.821
"G_25","G_30",0.858875
"G_25","G_31",0.778125
"G_25","G_32",0.143125
"G_25","G_34",0.566625
"G_25","G_35",0.865125
"G_25","G_36",0.51775
"G_25","G_37",0.913125
"G_25","G_38",0.277875
"G_25","G_39",0.83775
"G_25","G_40",0.350375
"G_25","G_41",0.734125
"G_25","G_42",0.13325
"G_25","G_43",0.433625
"G_25","G_44",0.318
"G_25","G_45",0.176875
"G_25","G_46",0.317125
"G_25","G_47",0.693875
"G_25","G_48",0.920375
"G_25","G_49",0.78875
"G_25","G_50",0.2235
"G_25","G_51",0.668875
"G_25","G_52",0.757375
"G_25","G_54",0.878
"G_25","G_56",0.897625
"G_25","G_57",0.932
"G_25","G_59",0.90775
"G_25","G_60",0.911875
"G_25","G_61",0.92475
"G_25","G_62",0.91575
"G_25","G_63",0.810875
"G_25","G_64",0.8895
"G_25","G_65",0.94275
"G_25","G_66",0.936875
"G_25","G_67",0.919875
"G_25","G_68",0.865875
"G_25","G_69",0.926375
"G_25","G_70",0.909875
"G_25","G_71",0.85125
"G_25","G_72",0.88525
"G_25","G_73",0.550375
"G_25","G_74",0.908375
"G_25","G_75",0.903
"G_25","G_77",0.899875
"G_25","G_78",0.87125
"G_25","G_82",0.91825
"G_25","G_83",0.915125
"G_25","G_84",0.879625
"G_25","G_85",0.923875
"G_25","G_86",0.93725
"G_25","G_87",0.929625
"G_25","G_88",0.934625
"G_25","G_89",0.738
"G_25","G_90",0.895625
"G_25","G_91",0.8595
"G_25","G_92",0.935625
"G_25","G_93",0.241125
"G_25","G_97",0.944875
"G_25","G_98",0.8955
"G_26","G_27",0.534
"G_26","G_28",0.09025
"G_26","G_29",0.196875
"G_26","G_30",0.507875
"G_26","G_31",0.207125
"G_26","G_32",0.07675
"G_26","G_34",0.2045
"G_26","G_35",0.528875
"G_26","G_36",0.211125
"G_26","G_37",0.829625
"G_26","G_38",0.1325
"G_26","G_39",0.470875
"G_26","G_40",0.124125
"G_26","G_41",0.140125
"G_26","G_42",0.086125
"G_26","G_43",0.140625
"G_26","G_44",0.1205
"G_26","G_45",0.135125
"G_26","G_46",0.09375
"G_26","G_47",0.1265
"G_26","G_48",0.816625
"G_26","G_49",0.30925
"G_26","G_50",0.136375
"G_26","G_51",0.197875
"G_26","G_52",0.18025
"G_26","G_54",0.759125
"G_26","G_56",0.806875
"G_26","G_57",0.917125
"G_26","G_59",0.85575
"G_26","G_60",0.81
"G_26","G_61",0.90625
"G_26","G_62",0.8635
"G_26","G_63",0.333
"G_26","G_64",0.476625
"G_26","G_65",0.86
"G_26","G_66",0.872625
"G_26","G_67",0.89775
"G_26","G_68",0.339125
"G_26","G_69",0.8765
"G_26","G_70",0.581625
"G_26","G_71",0.5365
"G_26","G_72",0.66825
"G_26","G_73",0.226625
"G_26","G_74",0.881
"G_26","G_75",0.87575
"G_26","G_77",0.831625
"G_26","G_78",0.7765
"G_26","G_82",0.883
"G_26","G_83",0.86925
"G_26","G_84",0.752
"G_26","G_85",0.888625
"G_26","G_86",0.91275
"G_26","G_87",0.89725
"G_26","G_88",0.824625
"G_26","G_89",0.34675
"G_26","G_90",0.758625
"G_26","G_91",0.556875
"G_26","G_92",0.887
"G_26","G_93",0.10725
"G_26","G_97",0.895375
"G_26","G_98",0.678125
"G_27","G_28",0.091625
"G_27","G_29",0.168875
"G_27","G_30",0.487625
"G_27","G_31",0.2045
"G_27","G_32",0.08325
"G_27","G_34",0.169
"G_27","G_35",0.497
"G_27","G_36",0.178875
"G_27","G_37",0.816125
"G_27","G_38",0.12225
"G_27","G_39",0.4185
"G_27","G_40",0.11025
"G_27","G_41",0.132
"G_27","G_42",0.089
"G_27","G_43",0.130125
"G_27","G_44",0.11675
"G_27","G_45",0.134875
"G_27","G_46",0.073875
"G_27","G_47",0.10075
"G_27","G_48",0.783625
"G_27","G_49",0.26675
"G_27","G_50",0.139125
"G_27","G_51",0.166875
"G_27","G_52",0.163875
"G_27","G_54",0.741125
"G_27","G_56",0.783
"G_27","G_57",0.89325
"G_27","G_59",0.82975
"G_27","G_60",0.78075
"G_27","G_61",0.8975
"G_27","G_62",0.832125
"G_27","G_63",0.290125
"G_27","G_64",0.4485
"G_27","G_65",0.81975
"G_27","G_66",0.862
"G_27","G_67",0.89675
"G_27","G_68",0.290125
"G_27","G_69",0.836875
"G_27","G_70",0.537375
"G_27","G_71",0.521375
"G_27","G_72",0.6305
"G_27","G_73",0.18125
"G_27","G_74",0.85975
"G_27","G_75",0.861375
"G_27","G_77",0.8135
"G_27","G_78",0.761
"G_27","G_82",0.857375
"G_27","G_83",0.883375
"G_27","G_84",0.717375
"G_27","G_85",0.854625
"G_27","G_86",0.906
"G_27","G_87",0.908875
"G_27","G_88",0.811625
"G_27","G_89",0.31575
"G_27","G_90",0.745625
"G_27","G_91",0.529375
"G_27","G_92",0.860625
"G_27","G_93",0.105125
"G_27","G_97",0.891625
"G_27","G_98",0.634875
"G_28","G_29",0.841375
"G_28","G_30",0.869
"G_28","G_31",0.795
"G_28","G_32",0.16825
"G_28","G_34",0.569875
"G_28","G_35",0.8575
"G_28","G_36",0.524125
"G_28","G_37",0.9215
"G_28","G_38",0.28625
"G_28","G_39",0.837375
"G_28","G_40",0.34725
"G_28","G_41",0.752
"G_28","G_42",0.1345
"G_28","G_43",0.410125
"G_28","G_44",0.314125
"G_28","G_45",0.196375
"G_28","G_46",0.3375
"G_28","G_47",0.6725
"G_28","G_48",0.921875
"G_28","G_49",0.798
"G_28","G_50",0.23175
"G_28","G_51",0.66675
"G_28","G_52",0.76575
"G_28","G_54",0.895375
"G_28","G_56",0.905375
"G_28","G_57",0.9345
"G_28","G_59",0.915875
"G_28","G_60",0.912125
"G_28","G_61",0.929125
"G_28","G_62",0.9225
"G_28","G_63",0.805625
"G_28","G_64",0.881
"G_28","G_65",0.94225
"G_28","G_66",0.949625
"G_28","G_67",0.93725
"G_28","G_68",0.870625
"G_28","G_69",0.92675
"G_28","G_70",0.9115
"G_28","G_71",0.858875
"G_28","G_72",0.887375
"G_28","G_73",0.549
"G_28","G_74",0.9075
"G_28","G_75",0.918625
"G_28","G_77",0.912375
"G_28","G_78",0.86125
"G_28","G_82",0.91675
"G_28","G_83",0.906875
"G_28","G_84",0.886
"G_28","G_85",0.92225
"G_28","G_86",0.937
"G_28","G_87",0.930375
"G_28","G_88",0.92875
"G_28","G_89",0.726875
"G_28","G_90",0.898375
"G_28","G_91",0.858
"G_28","G_92",0.944375
"G_28","G_93",0.236375
"G_28","G_97",0.943875
"G_28","G_98",0.910125
"G_29","G_30",0.758375
"G_29","G_31",0.49275
"G_29","G_32",0.08325
"G_29","G_34",0.332125
"G_29","G_35",0.75525
"G_29","G_36",0.330875
"G_29","G_37",0.8755
"G_29","G_38",0.167375
"G_29","G_39",0.673125
"G_29","G_40",0.1545
"G_29","G_41",0.401125
"G_29","G_42",0.080625
"G_29","G_43",0.16675
"G_29","G_44",0.151875
"G_29","G_45",0.1155
"G_29","G_46",0.125
"G_29","G_47",0.28625
"G_29","G_48",0.88525
"G_29","G_49",0.55025
"G_29","G_50",0.1435
"G_29","G_51",0.378125
"G_29","G_52",0.432875
"G_29","G_54",0.835125
"G_29","G_56",0.85825
"G_29","G_57",0.905
"G_29","G_59",0.870125
"G_29","G_60",0.8575
"G_29","G_61",0.885875
"G_29","G_62",0.891875
"G_29","G_63",0.557625
"G_29","G_64",0.734125
"G_29","G_65",0.905
"G_29","G_66",0.8985
"G_29","G_67",0.892625
"G_29","G_68",0.702375
"G_29","G_69",0.88475
"G_29","G_70",0.838875
"G_29","G_71",0.7295
"G_29","G_72",0.82775
"G_29","G_73",0.31625
"G_29","G_74",0.882625
"G_29","G_75",0.8785
"G_29","G_77",0.85125
"G_29","G_78",0.83225
"G_29","G_82",0.892
"G_29","G_83",0.87975
"G_29","G_84",0.826625
"G_29","G_85",0.894125
"G_29","G_86",0.893625
"G_29","G_87",0.898
"G_29","G_88",0.881
"G_29","G_89",0.548375
"G_29","G_90",0.843625
"G_29","G_91",0.7215
"G_29","G_92",0.911625
"G_29","G_93",0.13125
"G_29","G_97",0.90275
"G_29","G_98",0.85375
"G_30","G_31",0.25325
"G_30","G_32",0.0975
"G_30","G_34",0.21175
"G_30","G_35",0.52475
"G_30","G_36",0.219625
"G_30","G_37",0.805375
"G_30","G_38",0.148125
"G_30","G_39",0.449875
"G_30","G_40",0.13525
"G_30","G_41",0.19875
"G_30","G_42",0.099875
"G_30","G_43",0.171375
"G_30","G_44",0.145375
"G_30","G_45",0.126
"G_30","G_46",0.0925
"G_30","G_47",0.159125
"G_30","G_48",0.77975
"G_30","G_49",0.3205
"G_30","G_50",0.150125
"G_30","G_51",0.22475
"G_30","G_52",0.22675
"G_30","G_54",0.712
"G_30","G_56",0.763625
"G_30","G_57",0.9065
"G_30","G_59",0.82675
"G_30","G_60",0.787875
"G_30","G_61",0.9035
"G_30","G_62",0.817625
"G_30","G_63",0.34475
"G_30","G_64",0.48625
"G_30","G_65",0.802625
"G_30","G_66",0.844375
"G_30","G_67",0.903875
"G_30","G_68",0.3635
"G_30","G_69",0.831125
"G_30","G_70",0.5485
"G_30","G_71",0.542
"G_30","G_72",0.635875
"G_30","G_73",0.226625
"G_30","G_74",0.884125
"G_30","G_75",0.8535
"G_30","G_77",0.827375
"G_30","G_78",0.766375
"G_30","G_82",0.85875
"G_30","G_83",0.880125
"G_30","G_84",0.7345
"G_30","G_85",0.8755
"G_30","G_86",0.924625
"G_30","G_87",0.9205
"G_30","G_88",0.821375
"G_30","G_89",0.36225
"G_30","G_90",0.737125
"G_30","G_91",0.554
"G_30","G_92",0.8685
"G_30","G_93",0.13
"G_30","G_97",0.902625
"G_30","G_98",0.624875
"G_31","G_32",0.1255
"G_31","G_34",0.353875
"G_31","G_35",0.74425
"G_31","G_36",0.3535
"G_31","G_37",0.89325
"G_31","G_38",0.191625
"G_31","G_39",0.685875
"G_31","G_40",0.206375
"G_31","G_41",0.413
"G_31","G_42",0.102375
"G_31","G_43",0.222125
"G_31","G_44",0.1765
"G_31","G_45",0.146125
"G_31","G_46",0.164
"G_31","G_47",0.33175
"G_31","G_48",0.898
"G_31","G_49",0.55
"G_31","G_50",0.158625
"G_31","G_51",0.394625
"G_31","G_52",0.44475
"G_31","G_54",0.852875
"G_31","G_56",0.887125
"G_31","G_57",0.920625
"G_31","G_59",0.888
"G_31","G_60",0.869625
"G_31","G_61",0.912
"G_31","G_62",0.909125
"G_31","G_63",0.568625
"G_31","G_64",0.73075
"G_31","G_65",0.9195
"G_31","G_66",0.931625
"G_31","G_67",0.92125
"G_31","G_68",0.682625
"G_31","G_69",0.912
"G_31","G_70",0.833875
"G_31","G_71",0.74175
"G_31","G_72",0.825875
"G_31","G_73",0.35225
"G_31","G_74",0.899625
"G_31","G_75",0.899625
"G_31","G_77",0.880375
"G_31","G_78",0.834875
"G_31","G_82",0.892125
"G_31","G_83",0.892875
"G_31","G_84",0.840875
"G_31","G_85",0.913875
"G_31","G_86",0.927625
"G_31","G_87",0.906875
"G_31","G_88",0.888875
"G_31","G_89",0.548625
"G_31","G_90",0.842375
"G_31","G_91",0.731875
"G_31","G_92",0.91
"G_31","G_93",0.160625
"G_31","G_97",0.93325
"G_31","G_98",0.868625
"G_32","G_34",0.863625
"G_32","G_35",0.909
"G_32","G_36",0.816625
"G_32","G_37",0.929
"G_32","G_38",0.672625
"G_32","G_39",0.910875
"G_32","G_40",0.753375
"G_32","G_41",0.837625
"G_32","G_42",0.35
"G_32","G_43",0.865625
"G_32","G_44",0.788375
"G_32","G_45",0.574625
"G_32","G_46",0.823625
"G_32","G_47",0.890875
"G_32","G_48",0.94325
"G_32","G_49",0.90975
"G_32","G_50",0.473375
"G_32","G_51",0.9055
"G_32","G_52",0.886
"G_32","G_54",0.90225
"G_32","G_56",0.923375
"G_32","G_57",0.942875
"G_32","G_59",0.92575
"G_32","G_60",0.917625
"G_32","G_61",0.9385
"G_32","G_62",0.922625
"G_32","G_63",0.936375
"G_32","G_64",0.9235
"G_32","G_65",0.94825
"G_32","G_66",0.951
"G_32","G_67",0.942875
"G_32","G_68",0.89625
"G_32","G_69",0.93875
"G_32","G_70",0.924625
"G_32","G_71",0.9095
"G_32","G_72",0.9025
"G_32","G_73",0.880375
"G_32","G_74",0.917875
"G_32","G_75",0.91675
"G_32","G_77",0.9215
"G_32","G_78",0.890875
"G_32","G_82",0.9355
"G_32","G_83",0.927875
"G_32","G_84",0.90025
"G_32","G_85",0.943375
"G_32","G_86",0.952875
"G_32","G_87",0.943875
"G_32","G_88",0.948875
"G_32","G_89",0.899125
"G_32","G_90",0.914
"G_32","G_91",0.914375
"G_32","G_92",0.952875
"G_32","G_93",0.52625
"G_32","G_97",0.948
"G_32","G_98",0.916125
"G_34","G_35",0.781
"G_34","G_36",0.4655
"G_34","G_37",0.889625
"G_34","G_38",0.249875
"G_34","G_39",0.772125
"G_34","G_40",0.327
"G_34","G_41",0.598125
"G_34","G_42",0.11925
"G_34","G_43",0.4
"G_34","G_44",0.2945
"G_34","G_45",0.201625
"G_34","G_46",0.312
"G_34","G_47",0.533125
"G_34","G_48",0.87525
"G_34","G_49",0.6925
"G_34","G_50",0.215875
"G_34","G_51",0.57225
"G_34","G_52",0.609875
"G_34","G_54",0.8385
"G_34","G_56",0.857125
"G_34","G_57",0.921375
"G_34","G_59",0.88125
"G_34","G_60",0.871375
"G_34","G_61",0.904
"G_34","G_62",0.9105
"G_34","G_63",0.69375
"G_34","G_64",0.77575
"G_34","G_65",0.892875
"G_34","G_66",0.919125
"G_34","G_67",0.91325
"G_34","G_68",0.745
"G_34","G_69",0.891125
"G_34","G_70",0.83625
"G_34","G_71",0.789375
"G_34","G_72",0.818875
"G_34","G_73",0.4965
"G_34","G_74",0.89825
"G_34","G_75",0.8965
"G_34","G_77",0.880625
"G_34","G_78",0.822375
"G_34","G_82",0.895375
"G_34","G_83",0.87575
"G_34","G_84",0.831125
"G_34","G_85",0.8985
"G_34","G_86",0.922125
"G_34","G_87",0.91275
"G_34","G_88",0.8825
"G_34","G_89",0.635875
"G_34","G_90",0.86
"G_34","G_91",0.78275
"G_34","G_92",0.917
"G_34","G_93",0.19925
"G_34","G_97",0.89125
"G_34","G_98",0.84825
"G_35","G_36",0.231125
"G_35","G_37",0.791125
"G_35","G_38",0.163625
"G_35","G_39",0.433125
"G_35","G_40",0.13675
"G_35","G_41",0.201875
"G_35","G_42",0.10975
"G_35","G_43",0.175375
"G_35","G_44",0.161875
"G_35","G_45",0.159125
"G_35","G_46",0.117625
"G_35","G_47",0.163625
"G_35","G_48",0.76325
"G_35","G_49",0.330375
"G_35","G_50",0.17225
"G_35","G_51",0.2235
"G_35","G_52",0.221625
"G_35","G_54",0.689875
"G_35","G_56",0.721375
"G_35","G_57",0.9075
"G_35","G_59",0.829875
"G_35","G_60",0.795875
"G_35","G_61",0.927375
"G_35","G_62",0.79025
"G_35","G_63",0.343875
"G_35","G_64",0.461875
"G_35","G_65",0.797125
"G_35","G_66",0.842875
"G_35","G_67",0.902125
"G_35","G_68",0.3415
"G_35","G_69",0.814125
"G_35","G_70",0.519
"G_35","G_71",0.513125
"G_35","G_72",0.596875
"G_35","G_73",0.234125
"G_35","G_74",0.89325
"G_35","G_75",0.826
"G_35","G_77",0.821125
"G_35","G_78",0.761875
"G_35","G_82",0.8685
"G_35","G_83",0.892875
"G_35","G_84",0.73025
"G_35","G_85",0.8765
"G_35","G_86",0.939125
"G_35","G_87",0.933375
"G_35","G_88",0.825875
"G_35","G_89",0.346
"G_35","G_90",0.735125
"G_35","G_91",0.5265
"G_35","G_92",0.881375
"G_35","G_93",0.13025
"G_35","G_97",0.916125
"G_35","G_98",0.576375
"G_36","G_37",0.89775
"G_36","G_38",0.321
"G_36","G_39",0.754125
"G_36","G_40",0.38075
"G_36","G_41",0.605125
"G_36","G_42",0.15325
"G_36","G_43",0.465
"G_36","G_44",0.3765
"G_36","G_45",0.265125
"G_36","G_46",0.37775
"G_36","G_47",0.55175
"G_36","G_48",0.874875
"G_36","G_49",0.69475
"G_36","G_50",0.248375
"G_36","G_51",0.5905
"G_36","G_52",0.636625
"G_36","G_54",0.834375
"G_36","G_56",0.860875
"G_36","G_57",0.92525
"G_36","G_59",0.8835
"G_36","G_60",0.85875
"G_36","G_61",0.91275
"G_36","G_62",0.897375
"G_36","G_63",0.711625
"G_36","G_64",0.76825
"G_36","G_65",0.90475
"G_36","G_66",0.928
"G_36","G_67",0.921625
"G_36","G_68",0.72475
"G_36","G_69",0.90925
"G_36","G_70",0.8155
"G_36","G_71",0.7815
"G_36","G_72",0.812875
"G_36","G_73",0.54325
"G_36","G_74",0.898125
"G_36","G_75",0.896875
"G_36","G_77",0.890625
"G_36","G_78",0.82475
"G_36","G_82",0.90025
"G_36","G_83",0.887625
"G_36","G_84",0.833
"G_36","G_85",0.918
"G_36","G_86",0.92725
"G_36","G_87",0.916375
"G_36","G_88",0.891125
"G_36","G_89",0.660625
"G_36","G_90",0.84225
"G_36","G_91",0.78
"G_36","G_92",0.918
"G_36","G_93",0.254375
"G_36","G_97",0.904
"G_36","G_98",0.841875
"G_37","G_38",0.109375
"G_37","G_39",0.20425
"G_37","G_40",0.099875
"G_37","G_41",0.08725
"G_37","G_42",0.07075
"G_37","G_43",0.097
"G_37","G_44",0.09225
"G_37","G_45",0.09975
"G_37","G_46",0.06425
"G_37","G_47",0.085875
"G_37","G_48",0.407125
"G_37","G_49",0.143125
"G_37","G_50",0.10575
"G_37","G_51",0.1265
"G_37","G_52",0.107125
"G_37","G_54",0.31475
"G_37","G_56",0.342625
"G_37","G_57",0.654625
"G_37","G_59",0.575
"G_37","G_60",0.510375
"G_37","G_61",0.834875
"G_37","G_62",0.424875
"G_37","G_63",0.14325
"G_37","G_64",0.1925
"G_37","G_65",0.3975
"G_37","G_66",0.526625
"G_37","G_67",0.6465
"G_37","G_68",0.124375
"G_37","G_69",0.424875
"G_37","G_70",0.19175
"G_37","G_71",0.225125
"G_37","G_72",0.276625
"G_37","G_73",0.13175
"G_37","G_74",0.773125
"G_37","G_75",0.4865
"G_37","G_77",0.589125
"G_37","G_78",0.53025
"G_37","G_82",0.6625
"G_37","G_83",0.851375
"G_37","G_84",0.43675
"G_37","G_85",0.651375
"G_37","G_86",0.8625
"G_37","G_87",0.88275
"G_37","G_88",0.563875
"G_37","G_89",0.163375
"G_37","G_90",0.446
"G_37","G_91",0.2795
"G_37","G_92",0.668625
"G_37","G_93",0.095125
"G_37","G_97",0.875125
"G_37","G_98",0.221875
"G_38","G_39",0.869875
"G_38","G_40",0.602125
"G_38","G_41",0.780125
"G_38","G_42",0.24175
"G_38","G_43",0.70125
"G_38","G_44",0.598625
"G_38","G_45",0.418625
"G_38","G_46",0.64675
"G_38","G_47",0.787375
"G_38","G_48",0.902625
"G_38","G_49",0.851375
"G_38","G_50",0.360875
"G_38","G_51",0.791
"G_38","G_52",0.795125
"G_38","G_54",0.8695
"G_38","G_56",0.865
"G_38","G_57",0.90775
"G_38","G_59",0.876
"G_38","G_60",0.872875
"G_38","G_61",0.9075
"G_38","G_62",0.90175
"G_38","G_63",0.86425
"G_38","G_64",0.85025
"G_38","G_65",0.912625
"G_38","G_66",0.92075
"G_38","G_67",0.9055
"G_38","G_68",0.838
"G_38","G_69",0.89075
"G_38","G_70",0.876125
"G_38","G_71",0.864375
"G_38","G_72",0.8555
"G_38","G_73",0.768
"G_38","G_74",0.89175
"G_38","G_75",0.897
"G_38","G_77",0.888
"G_38","G_78",0.83575
"G_38","G_82",0.898375
"G_38","G_83",0.8765
"G_38","G_84",0.846625
"G_38","G_85",0.905375
"G_38","G_86",0.91325
"G_38","G_87",0.899375
"G_38","G_88",0.899
"G_38","G_89",0.779
"G_38","G_90",0.87025
"G_38","G_91",0.843
"G_38","G_92",0.923625
"G_38","G_93",0.37325
"G_38","G_97",0.8815
"G_38","G_98",0.864
"G_39","G_40",0.1535
"G_39","G_41",0.264375
"G_39","G_42",0.087
"G_39","G_43",0.157375
"G_39","G_44",0.12625
"G_39","G_45",0.094
"G_39","G_46",0.10675
"G_39","G_47",0.212875
"G_39","G_48",0.76725
"G_39","G_49",0.36425
"G_39","G_50",0.115625
"G_39","G_51",0.26825
"G_39","G_52",0.286375
"G_39","G_54",0.73025
"G_39","G_56",0.761375
"G_39","G_57",0.898125
"G_39","G_59",0.81475
"G_39","G_60",0.777375
"G_39","G_61",0.869375
"G_39","G_62",0.82225
"G_39","G_63",0.386625
"G_39","G_64",0.531125
"G_39","G_65",0.805625
"G_39","G_66",0.847125
"G_39","G_67",0.865875
"G_39","G_68",0.445125
"G_39","G_69",0.813125
"G_39","G_70",0.587875
"G_39","G_71",0.565125
"G_39","G_72",0.66525
"G_39","G_73",0.23275
"G_39","G_74",0.85175
"G_39","G_75",0.8425
"G_39","G_77",0.82625
"G_39","G_78",0.768125
"G_39","G_82",0.8375
"G_39","G_83",0.8515
"G_39","G_84",0.74075
"G_39","G_85",0.85475
"G_39","G_86",0.892
"G_39","G_87",0.87975
"G_39","G_88",0.793375
"G_39","G_89",0.401
"G_39","G_90",0.740875
"G_39","G_91",0.592375
"G_39","G_92",0.849125
"G_39","G_93",0.119625
"G_39","G_97",0.8775
"G_39","G_98",0.661125
"G_40","G_41",0.74575
"G_40","G_42",0.19175
"G_40","G_43",0.603125
"G_40","G_44",0.4885
"G_40","G_45",0.304
"G_40","G_46",0.531375
"G_40","G_47",0.750375
"G_40","G_48",0.91475
"G_40","G_49",0.824875
"G_40","G_50",0.300625
"G_40","G_51",0.75275
"G_40","G_52",0.795625
"G_40","G_54",0.87025
"G_40","G_56",0.9065
"G_40","G_57",0.921875
"G_40","G_59",0.9105
"G_40","G_60",0.893
"G_40","G_61",0.92325
"G_40","G_62",0.915625
"G_40","G_63",0.83175
"G_40","G_64",0.8685
"G_40","G_65",0.928625
"G_40","G_66",0.936
"G_40","G_67",0.918875
"G_40","G_68",0.8485
"G_40","G_69",0.908875
"G_40","G_70",0.898
"G_40","G_71",0.857
"G_40","G_72",0.888875
"G_40","G_73",0.67
"G_40","G_74",0.892625
"G_40","G_75",0.910875
"G_40","G_77",0.89975
"G_40","G_78",0.867625
"G_40","G_82",0.91975
"G_40","G_83",0.914625
"G_40","G_84",0.877375
"G_40","G_85",0.91375
"G_40","G_86",0.931125
"G_40","G_87",0.92325
"G_40","G_88",0.932375
"G_40","G_89",0.784375
"G_40","G_90",0.896
"G_40","G_91",0.863
"G_40","G_92",0.92675
"G_40","G_93",0.333625
"G_40","G_97",0.93275
"G_40","G_98",0.8955
"G_41","G_42",0.14675
"G_41","G_43",0.266375
"G_41","G_44",0.217875
"G_41","G_45",0.1675
"G_41","G_46",0.1915
"G_41","G_47",0.38675
"G_41","G_48",0.918125
"G_41","G_49",0.616625
"G_41","G_50",0.193625
"G_41","G_51",0.463625
"G_41","G_52",0.521
"G_41","G_54",0.900375
"G_41","G_56",0.9185
"G_41","G_57",0.92825
"G_41","G_59",0.9085
"G_41","G_60",0.901625
"G_41","G_61",0.926625
"G_41","G_62",0.9195
"G_41","G_63",0.627375
"G_41","G_64",0.803
"G_41","G_65",0.93825
"G_41","G_66",0.933
"G_41","G_67",0.92675
"G_41","G_68",0.77725
"G_41","G_69",0.92
"G_41","G_70",0.885125
"G_41","G_71",0.772125
"G_41","G_72",0.874375
"G_41","G_73",0.38075
"G_41","G_74",0.91175
"G_41","G_75",0.906875
"G_41","G_77",0.899625
"G_41","G_78",0.884625
"G_41","G_82",0.912125
"G_41","G_83",0.92675
"G_41","G_84",0.873625
"G_41","G_85",0.9245
"G_41","G_86",0.93075
"G_41","G_87",0.919375
"G_41","G_88",0.916375
"G_41","G_89",0.611125
"G_41","G_90",0.87075
"G_41","G_91",0.798125
"G_41","G_92",0.935
"G_41","G_93",0.20475
"G_41","G_97",0.936375
"G_41","G_98",0.901625
"G_42","G_43",0.859
"G_42","G_44",0.8305
"G_42","G_45",0.699375
"G_42","G_46",0.840625
"G_42","G_47",0.87625
"G_42","G_48",0.92475
"G_42","G_49",0.907625
"G_42","G_50",0.58475
"G_42","G_51",0.915625
"G_42","G_52",0.889625
"G_42","G_54",0.9165
"G_42","G_56",0.914
"G_42","G_57",0.931875
"G_42","G_59",0.917
"G_42","G_60",0.899125
"G_42","G_61",0.9265
"G_42","G_62",0.9235
"G_42","G_63",0.923875
"G_42","G_64",0.919125
"G_42","G_65",0.939
"G_42","G_66",0.93875
"G_42","G_67",0.92
"G_42","G_68",0.897625
"G_42","G_69",0.929375
"G_42","G_70",0.914875
"G_42","G_71",0.89725
"G_42","G_72",0.89725
"G_42","G_73",0.894625
"G_42","G_74",0.911
"G_42","G_75",0.912
"G_42","G_77",0.9115
"G_42","G_78",0.87975
"G_42","G_82",0.92075
"G_42","G_83",0.91425
"G_42","G_84",0.904125
"G_42","G_85",0.925375
"G_42","G_86",0.933625
"G_42","G_87",0.924375
"G_42","G_88",0.93025
"G_42","G_89",0.88375
"G_42","G_90",0.906875
"G_42","G_91",0.926875
"G_42","G_92",0.935
"G_42","G_93",0.624875
"G_42","G_97",0.948375
"G_42","G_98",0.90825
"G_43","G_44",0.366
"G_43","G_45",0.199875
"G_43","G_46",0.420875
"G_43","G_47",0.730125
"G_43","G_48",0.889375
"G_43","G_49",0.8015
"G_43","G_50",0.233625
"G_43","G_51",0.697875
"G_43","G_52",0.754375
"G_43","G_54",0.864
"G_43","G_56",0.869125
"G_43","G_57",0.918
"G_43","G_59",0.882375
"G_43","G_60",0.86525
"G_43","G_61",0.904625
"G_43","G_62",0.891625
"G_43","G_63",0.829125
"G_43","G_64",0.8545
"G_43","G_65",0.89925
"G_43","G_66",0.913625
"G_43","G_67",0.907625
"G_43","G_68",0.8475
"G_43","G_69",0.889625
"G_43","G_70",0.883875
"G_43","G_71",0.849
"G_43","G_72",0.850375
"G_43","G_73",0.6
"G_43","G_74",0.88525
"G_43","G_75",0.886
"G_43","G_77",0.889125
"G_43","G_78",0.852875
"G_43","G_82",0.89
"G_43","G_83",0.876
"G_43","G_84",0.85075
"G_43","G_85",0.885
"G_43","G_86",0.92
"G_43","G_87",0.904
"G_43","G_88",0.896
"G_43","G_89",0.721625
"G_43","G_90",0.87325
"G_43","G_91",0.848
"G_43","G_92",0.92075
"G_43","G_93",0.237625
"G_43","G_97",0.90575
"G_43","G_98",0.8715
"G_44","G_45",0.2965
"G_44","G_46",0.55275
"G_44","G_47",0.779
"G_44","G_48",0.904625
"G_44","G_49",0.847625
"G_44","G_50",0.28925
"G_44","G_51",0.761
"G_44","G_52",0.80325
"G_44","G_54",0.8685
"G_44","G_56",0.865875
"G_44","G_57",0.90725
"G_44","G_59",0.8835
"G_44","G_60",0.884625
"G_44","G_61",0.903875
"G_44","G_62",0.9115
"G_44","G_63",0.864375
"G_44","G_64",0.858875
"G_44","G_65",0.922625
"G_44","G_66",0.922875
"G_44","G_67",0.910625
"G_44","G_68",0.844875
"G_44","G_69",0.904
"G_44","G_70",0.88675
"G_44","G_71",0.876125
"G_44","G_72",0.849
"G_44","G_73",0.718625
"G_44","G_74",0.8965
"G_44","G_75",0.895625
"G_44","G_77",0.89025
"G_44","G_78",0.831875
"G_44","G_82",0.884625
"G_44","G_83",0.875375
"G_44","G_84",0.859125
"G_44","G_85",0.904375
"G_44","G_86",0.9235
"G_44","G_87",0.899125
"G_44","G_88",0.896875
"G_44","G_89",0.756625
"G_44","G_90",0.87975
"G_44","G_91",0.840875
"G_44","G_92",0.928375
"G_44","G_93",0.3035
"G_44","G_97",0.904375
"G_44","G_98",0.873625
"G_45","G_46",0.7665
"G_45","G_47",0.829375
"G_45","G_48",0.8885
"G_45","G_49",0.874375
"G_45","G_50",0.410875
"G_45","G_51",0.856
"G_45","G_52",0.861625
"G_45","G_54",0.87225
"G_45","G_56",0.872375
"G_45","G_57",0.93525
"G_45","G_59",0.877
"G_45","G_60",0.854375
"G_45","G_61",0.90175
"G_45","G_62",0.912875
"G_45","G_63",0.884875
"G_45","G_64",0.86725
"G_45","G_65",0.891125
"G_45","G_66",0.919375
"G_45","G_67",0.91525
"G_45","G_68",0.851625
"G_45","G_69",0.897375
"G_45","G_70",0.875625
"G_45","G_71",0.8755
"G_45","G_72",0.853625
"G_45","G_73",0.828125
"G_45","G_74",0.88525
"G_45","G_75",0.89575
"G_45","G_77",0.9125
"G_45","G_78",0.83575
"G_45","G_82",0.88575
"G_45","G_83",0.875
"G_45","G_84",0.8515
"G_45","G_85",0.904375
"G_45","G_86",0.9295
"G_45","G_87",0.919625
"G_45","G_88",0.89225
"G_45","G_89",0.834375
"G_45","G_90",0.871
"G_45","G_91",0.882625
"G_45","G_92",0.914
"G_45","G_93",0.44725
"G_45","G_97",0.90525
"G_45","G_98",0.8915
"G_46","G_47",0.811375
"G_46","G_48",0.946125
"G_46","G_49",0.85825
"G_46","G_50",0.271875
"G_46","G_51",0.757
"G_46","G_52",0.8285
"G_46","G_54",0.8865
"G_46","G_56",0.90325
"G_46","G_57",0.950125
"G_46","G_59",0.9085
"G_46","G_60",0.924
"G_46","G_61",0.93575
"G_46","G_62",0.92625
"G_46","G_63",0.8855
"G_46","G_64",0.904625
"G_46","G_65",0.951
"G_46","G_66",0.944
"G_46","G_67",0.94125
"G_46","G_68",0.871625
"G_46","G_69",0.937625
"G_46","G_70",0.91375
"G_46","G_71",0.88675
"G_46","G_72",0.88725
"G_46","G_73",0.688125
"G_46","G_74",0.925375
"G_46","G_75",0.91775
"G_46","G_77",0.916875
"G_46","G_78",0.877375
"G_46","G_82",0.930375
"G_46","G_83",0.9175
"G_46","G_84",0.900875
"G_46","G_85",0.9445
"G_46","G_86",0.959625
"G_46","G_87",0.93825
"G_46","G_88",0.93775
"G_46","G_89",0.79075
"G_46","G_90",0.914125
"G_46","G_91",0.8785
"G_46","G_92",0.947375
"G_46","G_93",0.292375
"G_46","G_97",0.951875
"G_46","G_98",0.920125
"G_47","G_48",0.917375
"G_47","G_49",0.708125
"G_47","G_50",0.19725
"G_47","G_51",0.522375
"G_47","G_52",0.621875
"G_47","G_54",0.877125
"G_47","G_56",0.892
"G_47","G_57",0.925375
"G_47","G_59",0.9145
"G_47","G_60",0.899
"G_47","G_61",0.9245
"G_47","G_62",0.9175
"G_47","G_63",0.715625
"G_47","G_64",0.84225
"G_47","G_65",0.937625
"G_47","G_66",0.937375
"G_47","G_67",0.9215
"G_47","G_68",0.82825
"G_47","G_69",0.923875
"G_47","G_70",0.90025
"G_47","G_71",0.80875
"G_47","G_72",0.86475
"G_47","G_73",0.449
"G_47","G_74",0.9155
"G_47","G_75",0.9065
"G_47","G_77",0.90875
"G_47","G_78",0.86475
"G_47","G_82",0.91525
"G_47","G_83",0.915375
"G_47","G_84",0.87075
"G_47","G_85",0.926
"G_47","G_86",0.936
"G_47","G_87",0.9165
"G_47","G_88",0.913
"G_47","G_89",0.6345
"G_47","G_90",0.885375
"G_47","G_91",0.797625
"G_47","G_92",0.93225
"G_47","G_93",0.186
"G_47","G_97",0.93375
"G_47","G_98",0.901625
"G_48","G_49",0.164375
"G_48","G_50",0.12425
"G_48","G_51",0.117375
"G_48","G_52",0.09925
"G_48","G_54",0.3925
"G_48","G_56",0.43125
"G_48","G_57",0.762625
"G_48","G_59",0.6595
"G_48","G_60",0.61125
"G_48","G_61",0.86875
"G_48","G_62",0.55575
"G_48","G_63",0.169625
"G_48","G_64",0.2055
"G_48","G_65",0.50675
"G_48","G_66",0.629875
"G_48","G_67",0.750875
"G_48","G_68",0.131625
"G_48","G_69",0.53825
"G_48","G_70",0.22225
"G_48","G_71",0.275875
"G_48","G_72",0.3215
"G_48","G_73",0.16475
"G_48","G_74",0.823625
"G_48","G_75",0.611125
"G_48","G_77",0.6535
"G_48","G_78",0.61025
"G_48","G_82",0.745875
"G_48","G_83",0.86775
"G_48","G_84",0.513
"G_48","G_85",0.74825
"G_48","G_86",0.8865
"G_48","G_87",0.89825
"G_48","G_88",0.6285
"G_48","G_89",0.183
"G_48","G_90",0.5255
"G_48","G_91",0.3065
"G_48","G_92",0.744375
"G_48","G_93",0.08875
"G_48","G_97",0.87025
"G_48","G_98",0.25475
"G_49","G_50",0.14675
"G_49","G_51",0.360125
"G_49","G_52",0.394375
"G_49","G_54",0.807
"G_49","G_56",0.81825
"G_49","G_57",0.919625
"G_49","G_59",0.8475
"G_49","G_60",0.83025
"G_49","G_61",0.88375
"G_49","G_62",0.87225
"G_49","G_63",0.515625
"G_49","G_64",0.667125
"G_49","G_65",0.862125
"G_49","G_66",0.882375
"G_49","G_67",0.906625
"G_49","G_68",0.5925
"G_49","G_69",0.863375
"G_49","G_70",0.75175
"G_49","G_71",0.674625
"G_49","G_72",0.763
"G_49","G_73",0.308375
"G_49","G_74",0.88175
"G_49","G_75",0.871
"G_49","G_77",0.86775
"G_49","G_78",0.804125
"G_49","G_82",0.87575
"G_49","G_83",0.86275
"G_49","G_84",0.799125
"G_49","G_85",0.871
"G_49","G_86",0.90825
"G_49","G_87",0.903625
"G_49","G_88",0.85725
"G_49","G_89",0.49925
"G_49","G_90",0.804125
"G_49","G_91",0.68175
"G_49","G_92",0.91225
"G_49","G_93",0.13
"G_49","G_97",0.892625
"G_49","G_98",0.790875
"G_50","G_51",0.820375
"G_50","G_52",0.83375
"G_50","G_54",0.858375
"G_50","G_56",0.85875
"G_50","G_57",0.9225
"G_50","G_59",0.865625
"G_50","G_60",0.86225
"G_50","G_61",0.887875
"G_50","G_62",0.91325
"G_50","G_63",0.85975
"G_50","G_64",0.85675
"G_50","G_65",0.886875
"G_50","G_66",0.908125
"G_50","G_67",0.903875
"G_50","G_68",0.834375
"G_50","G_69",0.883125
"G_50","G_70",0.864375
"G_50","G_71",0.85875
"G_50","G_72",0.84725
"G_50","G_73",0.813375
"G_50","G_74",0.885125
"G_50","G_75",0.881
"G_50","G_77",0.89025
"G_50","G_78",0.823
"G_50","G_82",0.88375
"G_50","G_83",0.8745
"G_50","G_84",0.842
"G_50","G_85",0.874875
"G_50","G_86",0.90775
"G_50","G_87",0.9065
"G_50","G_88",0.879125
"G_50","G_89",0.812125
"G_50","G_90",0.86825
"G_50","G_91",0.8605
"G_50","G_92",0.9205
"G_50","G_93",0.520875
"G_50","G_97",0.88925
"G_50","G_98",0.859
"G_51","G_52",0.57025
"G_51","G_54",0.839875
"G_51","G_56",0.852875
"G_51","G_57",0.9085
"G_51","G_59",0.876125
"G_51","G_60",0.8675
"G_51","G_61",0.89825
"G_51","G_62",0.888125
"G_51","G_63",0.668
"G_51","G_64",0.77425
"G_51","G_65",0.899125
"G_51","G_66",0.908875
"G_51","G_67",0.891
"G_51","G_68",0.72975
"G_51","G_69",0.88425
"G_51","G_70",0.836125
"G_51","G_71",0.7615
"G_51","G_72",0.8185
"G_51","G_73",0.4265
"G_51","G_74",0.873875
"G_51","G_75",0.876
"G_51","G_77",0.855875
"G_51","G_78",0.832125
"G_51","G_82",0.887
"G_51","G_83",0.8835
"G_51","G_84",0.82875
"G_51","G_85",0.8855
"G_51","G_86",0.904375
"G_51","G_87",0.89175
"G_51","G_88",0.894375
"G_51","G_89",0.609
"G_51","G_90",0.854125
"G_51","G_91",0.749875
"G_51","G_92",0.9085
"G_51","G_93",0.16625
"G_51","G_97",0.905875
"G_51","G_98",0.845125
"G_52","G_54",0.85925
"G_52","G_56",0.868
"G_52","G_57",0.910625
"G_52","G_59",0.887
"G_52","G_60",0.868
"G_52","G_61",0.902625
"G_52","G_62",0.898
"G_52","G_63",0.6215
"G_52","G_64",0.755125
"G_52","G_65",0.917875
"G_52","G_66",0.918375
"G_52","G_67",0.903375
"G_52","G_68",0.732125
"G_52","G_69",0.90275
"G_52","G_70",0.86075
"G_52","G_71",0.760875
"G_52","G_72",0.834625
"G_52","G_73",0.363375
"G_52","G_74",0.8865
"G_52","G_75",0.899125
"G_52","G_77",0.874
"G_52","G_78",0.83125
"G_52","G_82",0.88925
"G_52","G_83",0.8825
"G_52","G_84",0.8455
"G_52","G_85",0.896125
"G_52","G_86",0.916
"G_52","G_87",0.9065
"G_52","G_88",0.894375
"G_52","G_89",0.575375
"G_52","G_90",0.857125
"G_52","G_91",0.752875
"G_52","G_92",0.9195
"G_52","G_93",0.152125
"G_52","G_97",0.90725
"G_52","G_98",0.867625
"G_54","G_56",0.56125
"G_54","G_57",0.86425
"G_54","G_59",0.7575
"G_54","G_60",0.69775
"G_54","G_61",0.89425
"G_54","G_62",0.66525
"G_54","G_63",0.222875
"G_54","G_64",0.2795
"G_54","G_65",0.633
"G_54","G_66",0.73275
"G_54","G_67",0.830875
"G_54","G_68",0.157125
"G_54","G_69",0.676125
"G_54","G_70",0.269125
"G_54","G_71",0.3285
"G_54","G_72",0.4175
"G_54","G_73",0.186375
"G_54","G_74",0.861625
"G_54","G_75",0.723875
"G_54","G_77",0.721875
"G_54","G_78",0.6905
"G_54","G_82",0.842375
"G_54","G_83",0.8775
"G_54","G_84",0.618875
"G_54","G_85",0.828875
"G_54","G_86",0.9015
"G_54","G_87",0.909375
"G_54","G_88",0.733
"G_54","G_89",0.23475
"G_54","G_90",0.619625
"G_54","G_91",0.375125
"G_54","G_92",0.819625
"G_54","G_93",0.110625
"G_54","G_97",0.902875
"G_54","G_98",0.30875
"G_56","G_57",0.854625
"G_56","G_59",0.741875
"G_56","G_60",0.6745
"G_56","G_61",0.900875
"G_56","G_62",0.631375
"G_56","G_63",0.206375
"G_56","G_64",0.24275
"G_56","G_65",0.592375
"G_56","G_66",0.712625
"G_56","G_67",0.818
"G_56","G_68",0.12675
"G_56","G_69",0.6285
"G_56","G_70",0.234375
"G_56","G_71",0.2915
"G_56","G_72",0.349875
"G_56","G_73",0.181
"G_56","G_74",0.85475
"G_56","G_75",0.697875
"G_56","G_77",0.700125
"G_56","G_78",0.66575
"G_56","G_82",0.82725
"G_56","G_83",0.880125
"G_56","G_84",0.574875
"G_56","G_85",0.814625
"G_56","G_86",0.9115
"G_56","G_87",0.90575
"G_56","G_88",0.7095
"G_56","G_89",0.210625
"G_56","G_90",0.594375
"G_56","G_91",0.34375
"G_56","G_92",0.807625
"G_56","G_93",0.09625
"G_56","G_97",0.9005
"G_56","G_98",0.251125
"G_57","G_59",0.466625
"G_57","G_60",0.416875
"G_57","G_61",0.8065
"G_57","G_62",0.18725
"G_57","G_63",0.105625
"G_57","G_64",0.10625
"G_57","G_65",0.1845
"G_57","G_66",0.35625
"G_57","G_67",0.503625
"G_57","G_68",0.073625
"G_57","G_69",0.188875
"G_57","G_70",0.078
"G_57","G_71",0.1005
"G_57","G_72",0.131875
"G_57","G_73",0.10825
"G_57","G_74",0.707125
"G_57","G_75",0.252875
"G_57","G_77",0.457125
"G_57","G_78",0.433
"G_57","G_82",0.582625
"G_57","G_83",0.83125
"G_57","G_84",0.32775
"G_57","G_85",0.555
"G_57","G_86",0.813
"G_57","G_87",0.840875
"G_57","G_88",0.45375
"G_57","G_89",0.10225
"G_57","G_90",0.319875
"G_57","G_91",0.1805
"G_57","G_92",0.56525
"G_57","G_93",0.072625
"G_57","G_97",0.86775
"G_57","G_98",0.081125
"G_59","G_60",0.45275
"G_59","G_61",0.838125
"G_59","G_62",0.339
"G_59","G_63",0.162375
"G_59","G_64",0.1615
"G_59","G_65",0.31775
"G_59","G_66",0.448125
"G_59","G_67",0.560375
"G_59","G_68",0.110875
"G_59","G_69",0.333375
"G_59","G_70",0.169875
"G_59","G_71",0.198
"G_59","G_72",0.213
"G_59","G_73",0.16075
"G_59","G_74",0.743
"G_59","G_75",0.38625
"G_59","G_77",0.510375
"G_59","G_78",0.464125
"G_59","G_82",0.61375
"G_59","G_83",0.864625
"G_59","G_84",0.38425
"G_59","G_85",0.591625
"G_59","G_86",0.83175
"G_59","G_87",0.9135
"G_59","G_88",0.4985
"G_59","G_89",0.1555
"G_59","G_90",0.398875
"G_59","G_91",0.225875
"G_59","G_92",0.6165
"G_59","G_93",0.089625
"G_59","G_97",0.89
"G_59","G_98",0.186
"G_60","G_61",0.84025
"G_60","G_62",0.396375
"G_60","G_63",0.201125
"G_60","G_64",0.209625
"G_60","G_65",0.374
"G_60","G_66",0.49975
"G_60","G_67",0.596375
"G_60","G_68",0.138
"G_60","G_69",0.400125
"G_60","G_70",0.21525
"G_60","G_71",0.255625
"G_60","G_72",0.2635
"G_60","G_73",0.174
"G_60","G_74",0.725
"G_60","G_75",0.44075
"G_60","G_77",0.550125
"G_60","G_78",0.482625
"G_60","G_82",0.61625
"G_60","G_83",0.8615
"G_60","G_84",0.428625
"G_60","G_85",0.621875
"G_60","G_86",0.827375
"G_60","G_87",0.90525
"G_60","G_88",0.520875
"G_60","G_89",0.1635
"G_60","G_90",0.44075
"G_60","G_91",0.28
"G_60","G_92",0.6315
"G_60","G_93",0.113625
"G_60","G_97",0.8865
"G_60","G_98",0.242125
"G_61","G_62",0.14225
"G_61","G_63",0.126
"G_61","G_64",0.104125
"G_61","G_65",0.134
"G_61","G_66",0.18075
"G_61","G_67",0.20025
"G_61","G_68",0.086875
"G_61","G_69",0.127125
"G_61","G_70",0.119125
"G_61","G_71",0.10125
"G_61","G_72",0.095375
"G_61","G_73",0.1405
"G_61","G_74",0.339375
"G_61","G_75",0.1335
"G_61","G_77",0.19325
"G_61","G_78",0.13575
"G_61","G_82",0.2025
"G_61","G_83",0.770375
"G_61","G_84",0.121
"G_61","G_85",0.197625
"G_61","G_86",0.414875
"G_61","G_87",0.847125
"G_61","G_88",0.18175
"G_61","G_89",0.095875
"G_61","G_90",0.139875
"G_61","G_91",0.125
"G_61","G_92",0.2565
"G_61","G_93",0.08025
"G_61","G_97",0.751375
"G_61","G_98",0.107375
"G_62","G_63",0.153125
"G_62","G_64",0.18725
"G_62","G_65",0.45225
"G_62","G_66",0.61275
"G_62","G_67",0.765625
"G_62","G_68",0.111125
"G_62","G_69",0.494
"G_62","G_70",0.141
"G_62","G_71",0.215625
"G_62","G_72",0.287
"G_62","G_73",0.12175
"G_62","G_74",0.8015
"G_62","G_75",0.593125
"G_62","G_77",0.658625
"G_62","G_78",0.614
"G_62","G_82",0.75175
"G_62","G_83",0.84875
"G_62","G_84",0.521125
"G_62","G_85",0.74075
"G_62","G_86",0.873625
"G_62","G_87",0.864125
"G_62","G_88",0.619
"G_62","G_89",0.177375
"G_62","G_90",0.49975
"G_62","G_91",0.283125
"G_62","G_92",0.745
"G_62","G_93",0.083875
"G_62","G_97",0.866125
"G_62","G_98",0.183
"G_63","G_64",0.64975
"G_63","G_65",0.85725
"G_63","G_66",0.868125
"G_63","G_67",0.879375
"G_63","G_68",0.58125
"G_63","G_69",0.85575
"G_63","G_70",0.719
"G_63","G_71",0.66925
"G_63","G_72",0.749
"G_63","G_73",0.296625
"G_63","G_74",0.860625
"G_63","G_75",0.865375
"G_63","G_77",0.84775
"G_63","G_78",0.79475
"G_63","G_82",0.854625
"G_63","G_83",0.849
"G_63","G_84",0.780375
"G_63","G_85",0.86125
"G_63","G_86",0.908125
"G_63","G_87",0.881625
"G_63","G_88",0.835875
"G_63","G_89",0.471875
"G_63","G_90",0.79725
"G_63","G_91",0.669375
"G_63","G_92",0.8835
"G_63","G_93",0.1255
"G_63","G_97",0.87675
"G_63","G_98",0.77625
"G_64","G_65",0.82425
"G_64","G_66",0.862625
"G_64","G_67",0.88675
"G_64","G_68",0.36725
"G_64","G_69",0.836125
"G_64","G_70",0.577625
"G_64","G_71",0.538625
"G_64","G_72",0.642625
"G_64","G_73",0.219625
"G_64","G_74",0.87875
"G_64","G_75",0.842375
"G_64","G_77",0.8125
"G_64","G_78",0.777375
"G_64","G_82",0.8695
"G_64","G_83",0.8825
"G_64","G_84",0.7435
"G_64","G_85",0.8695
"G_64","G_86",0.914625
"G_64","G_87",0.908625
"G_64","G_88",0.83075
"G_64","G_89",0.37
"G_64","G_90",0.76225
"G_64","G_91",0.546875
"G_64","G_92",0.875
"G_64","G_93",0.12625
"G_64","G_97",0.91575
"G_64","G_98",0.634125
"G_65","G_66",0.651
"G_65","G_67",0.787875
"G_65","G_68",0.096125
"G_65","G_69",0.547625
"G_65","G_70",0.167375
"G_65","G_71",0.24975
"G_65","G_72",0.291375
"G_65","G_73",0.144625
"G_65","G_74",0.84125
"G_65","G_75",0.638375
"G_65","G_77",0.659
"G_65","G_78",0.61975
"G_65","G_82",0.777
"G_65","G_83",0.84925
"G_65","G_84",0.531875
"G_65","G_85",0.770625
"G_65","G_86",0.881875
"G_65","G_87",0.884
"G_65","G_88",0.64775
"G_65","G_89",0.1505
"G_65","G_90",0.53275
"G_65","G_91",0.2795
"G_65","G_92",0.76425
"G_65","G_93",0.073375
"G_65","G_97",0.8595
"G_65","G_98",0.193375
"G_66","G_67",0.6385
"G_66","G_68",0.08025
"G_66","G_69",0.373375
"G_66","G_70",0.140125
"G_66","G_71",0.1865
"G_66","G_72",0.221
"G_66","G_73",0.116125
"G_66","G_74",0.762875
"G_66","G_75",0.46225
"G_66","G_77",0.5525
"G_66","G_78",0.51425
"G_66","G_82",0.65225
"G_66","G_83",0.834625
"G_66","G_84",0.4135
"G_66","G_85",0.639875
"G_66","G_86",0.84775
"G_66","G_87",0.8655
"G_66","G_88",0.52775
"G_66","G_89",0.130625
"G_66","G_90",0.425625
"G_66","G_91",0.225
"G_66","G_92",0.65525
"G_66","G_93",0.07175
"G_66","G_97",0.846625
"G_66","G_98",0.166125
"G_67","G_68",0.081375
"G_67","G_69",0.2145
"G_67","G_70",0.1045
"G_67","G_71",0.12575
"G_67","G_72",0.15175
"G_67","G_73",0.11525
"G_67","G_74",0.694125
"G_67","G_75",0.291375
"G_67","G_77",0.461
"G_67","G_78",0.414875
"G_67","G_82",0.560625
"G_67","G_83",0.841375
"G_67","G_84",0.3185
"G_67","G_85",0.531
"G_67","G_86",0.8025
"G_67","G_87",0.85725
"G_67","G_88",0.44
"G_67","G_89",0.107875
"G_67","G_90",0.313125
"G_67","G_91",0.1905
"G_67","G_92",0.571875
"G_67","G_93",0.0825
"G_67","G_97",0.863
"G_67","G_98",0.093625
"G_68","G_69",0.9035
"G_68","G_70",0.729125
"G_68","G_71",0.644625
"G_68","G_72",0.78675
"G_68","G_73",0.242875
"G_68","G_74",0.905375
"G_68","G_75",0.908625
"G_68","G_77",0.87125
"G_68","G_78",0.82575
"G_68","G_82",0.908375
"G_68","G_83",0.90775
"G_68","G_84",0.822375
"G_68","G_85",0.902
"G_68","G_86",0.925625
"G_68","G_87",0.91575
"G_68","G_88",0.886875
"G_68","G_89",0.44325
"G_68","G_90",0.831
"G_68","G_91",0.656
"G_68","G_92",0.91925
"G_68","G_93",0.144875
"G_68","G_97",0.930125
"G_68","G_98",0.808375
"G_69","G_70",0.148875
"G_69","G_71",0.223875
"G_69","G_72",0.266
"G_69","G_73",0.14625
"G_69","G_74",0.8255
"G_69","G_75",0.59375
"G_69","G_77",0.668
"G_69","G_78",0.6075
"G_69","G_82",0.763125
"G_69","G_83",0.857125
"G_69","G_84",0.496125
"G_69","G_85",0.7605
"G_69","G_86",0.89075
"G_69","G_87",0.88975
"G_69","G_88",0.637625
"G_69","G_89",0.157875
"G_69","G_90",0.511375
"G_69","G_91",0.28
"G_69","G_92",0.749
"G_69","G_93",0.087625
"G_69","G_97",0.86475
"G_69","G_98",0.16525
"G_70","G_71",0.487125
"G_70","G_72",0.615
"G_70","G_73",0.180875
"G_70","G_74",0.8825
"G_70","G_75",0.865
"G_70","G_77",0.809625
"G_70","G_78",0.76275
"G_70","G_82",0.868
"G_70","G_83",0.868
"G_70","G_84",0.73275
"G_70","G_85",0.867875
"G_70","G_86",0.9115
"G_70","G_87",0.908625
"G_70","G_88",0.807125
"G_70","G_89",0.316375
"G_70","G_90",0.73625
"G_70","G_91",0.51025
"G_70","G_92",0.883625
"G_70","G_93",0.101
"G_70","G_97",0.889875
"G_70","G_98",0.5985
"G_71","G_72",0.586375
"G_71","G_73",0.227
"G_71","G_74",0.873625
"G_71","G_75",0.810125
"G_71","G_77",0.8145
"G_71","G_78",0.7525
"G_71","G_82",0.843875
"G_71","G_83",0.869375
"G_71","G_84",0.685
"G_71","G_85",0.841625
"G_71","G_86",0.925375
"G_71","G_87",0.904125
"G_71","G_88",0.781875
"G_71","G_89",0.3545
"G_71","G_90",0.711625
"G_71","G_91",0.53075
"G_71","G_92",0.857625
"G_71","G_93",0.12575
"G_71","G_97",0.887875
"G_71","G_98",0.569
"G_72","G_73",0.2
"G_72","G_74",0.86575
"G_72","G_75",0.769125
"G_72","G_77",0.764
"G_72","G_78",0.718125
"G_72","G_82",0.8465
"G_72","G_83",0.89675
"G_72","G_84",0.660625
"G_72","G_85",0.834875
"G_72","G_86",0.91525
"G_72","G_87",0.912125
"G_72","G_88",0.776
"G_72","G_89",0.28325
"G_72","G_90",0.66975
"G_72","G_91",0.436375
"G_72","G_92",0.836
"G_72","G_93",0.113625
"G_72","G_97",0.9145
"G_72","G_98",0.436375
"G_73","G_74",0.87425
"G_73","G_75",0.879
"G_73","G_77",0.8585
"G_73","G_78",0.80675
"G_73","G_82",0.853625
"G_73","G_83",0.851125
"G_73","G_84",0.80575
"G_73","G_85",0.86
"G_73","G_86",0.8915
"G_73","G_87",0.881875
"G_73","G_88",0.84525
"G_73","G_89",0.638125
"G_73","G_90",0.81575
"G_73","G_91",0.769875
"G_73","G_92",0.885
"G_73","G_93",0.207875
"G_73","G_97",0.8625
"G_73","G_98",0.841875
"G_74","G_75",0.196
"G_74","G_77",0.307625
"G_74","G_78",0.25525
"G_74","G_82",0.337625
"G_74","G_83",0.842625
"G_74","G_84",0.203125
"G_74","G_85",0.3255
"G_74","G_86",0.594125
"G_74","G_87",0.894375
"G_74","G_88",0.286625
"G_74","G_89",0.11925
"G_74","G_90",0.213
"G_74","G_91",0.159125
"G_74","G_92",0.387375
"G_74","G_93",0.09275
"G_74","G_97",0.827375
"G_74","G_98",0.130375
"G_75","G_77",0.60825
"G_75","G_78",0.57175
"G_75","G_82",0.72625
"G_75","G_83",0.86175
"G_75","G_84",0.467375
"G_75","G_85",0.693125
"G_75","G_86",0.882625
"G_75","G_87",0.888125
"G_75","G_88",0.59075
"G_75","G_89",0.151375
"G_75","G_90",0.464875
"G_75","G_91",0.25525
"G_75","G_92",0.708
"G_75","G_93",0.092375
"G_75","G_97",0.871875
"G_75","G_98",0.12875
"G_77","G_78",0.46375
"G_77","G_82",0.57225
"G_77","G_83",0.856875
"G_77","G_84",0.38175
"G_77","G_85",0.563625
"G_77","G_86",0.781875
"G_77","G_87",0.871125
"G_77","G_88",0.5035
"G_77","G_89",0.17125
"G_77","G_90",0.38125
"G_77","G_91",0.24975
"G_77","G_92",0.59275
"G_77","G_93",0.097
"G_77","G_97",0.879
"G_77","G_98",0.188875
"G_78","G_82",0.634875
"G_78","G_83",0.92275
"G_78","G_84",0.428875
"G_78","G_85",0.6185
"G_78","G_86",0.83625
"G_78","G_87",0.927625
"G_78","G_88",0.547375
"G_78","G_89",0.207
"G_78","G_90",0.42875
"G_78","G_91",0.278
"G_78","G_92",0.639
"G_78","G_93",0.141625
"G_78","G_97",0.937
"G_78","G_98",0.248375
"G_82","G_83",0.858625
"G_82","G_84",0.3055
"G_82","G_85",0.4915
"G_82","G_86",0.77325
"G_82","G_87",0.903875
"G_82","G_88",0.402625
"G_82","G_89",0.127875
"G_82","G_90",0.30875
"G_82","G_91",0.185875
"G_82","G_92",0.534625
"G_82","G_93",0.078875
"G_82","G_97",0.872875
"G_82","G_98",0.139
"G_83","G_84",0.102
"G_83","G_85",0.148
"G_83","G_86",0.182875
"G_83","G_87",0.606125
"G_83","G_88",0.1525
"G_83","G_89",0.109625
"G_83","G_90",0.130375
"G_83","G_91",0.137625
"G_83","G_92",0.174375
"G_83","G_93",0.087625
"G_83","G_97",0.42975
"G_83","G_98",0.131375
"G_84","G_85",0.702625
"G_84","G_86",0.877375
"G_84","G_87",0.927125
"G_84","G_88",0.623625
"G_84","G_89",0.2295
"G_84","G_90",0.512
"G_84","G_91",0.325
"G_84","G_92",0.6945
"G_84","G_93",0.134625
"G_84","G_97",0.917375
"G_84","G_98",0.300625
"G_85","G_86",0.782
"G_85","G_87",0.894625
"G_85","G_88",0.4175
"G_85","G_89",0.123125
"G_85","G_90",0.3105
"G_85","G_91",0.189875
"G_85","G_92",0.54525
"G_85","G_93",0.08125
"G_85","G_97",0.85475
"G_85","G_98",0.141875
"G_86","G_87",0.8485
"G_86","G_88",0.208625
"G_86","G_89",0.08675
"G_86","G_90",0.137625
"G_86","G_91",0.116125
"G_86","G_92",0.286125
"G_86","G_93",0.07675
"G_86","G_97",0.80975
"G_86","G_98",0.085
"G_87","G_88",0.11575
"G_87","G_89",0.094625
"G_87","G_90",0.084875
"G_87","G_91",0.113
"G_87","G_92",0.144375
"G_87","G_93",0.080375
"G_87","G_97",0.31975
"G_87","G_98",0.09925
"G_88","G_89",0.140375
"G_88","G_90",0.418375
"G_88","G_91",0.233
"G_88","G_92",0.603125
"G_88","G_93",0.075375
"G_88","G_97",0.87425
"G_88","G_98",0.202375
"G_89","G_90",0.79375
"G_89","G_91",0.650125
"G_89","G_92",0.891375
"G_89","G_93",0.167125
"G_89","G_97",0.911
"G_89","G_98",0.715375
"G_90","G_91",0.315875
"G_90","G_92",0.69475
"G_90","G_93",0.11175
"G_90","G_97",0.895
"G_90","G_98",0.289875
"G_91","G_92",0.82175
"G_91","G_93",0.114875
"G_91","G_97",0.902625
"G_91","G_98",0.518125
"G_92","G_93",0.063375
"G_92","G_97",0.8495
"G_92","G_98",0.140375
"G_93","G_97",0.9245
"G_93","G_98",0.892625
"G_97","G_98",0.10725
